Identifier,LAKE,TOWN,Noted.Location,Dominant.Taxa,Total.Cell.Concentration,Date.Advisory.Issued,Date.Advisory.Removed,Advisory.Days,AUID,Notification.Type
Webster.Franklin,Webster Lake ,Franklin,,unidentified,">70,000 or >50%",9/11/2003,9/26/2003,15,NHLAK700010804-02-01,Warning
Baboosic.Amherst,Baboosic Lake,Amherst,,Anabaena,">70,000 or >50%",7/8/2004,9/6/2004,60,NHLAK700060905-01-01,Warning
Greenwood.Kingston,Greenwood Pond,Kingston,,Oscillatoria,">70,000 or >50%",7/8/2004,7/23/2004,15,NHLAK700061403-07,Warning
Country.Kingston,Country Pond,"Kingston, Newton",,Microcystis,">70,000 or >50%",7/29/2004,8/6/2004,8,NHLAK700061403-03-01,Warning
Robinson.Hudson,Robinson Pond,Hudson,,unidentified,">70,000 or >50%",8/18/2004,9/3/2004,16,NHLAK700061203-06-01,Warning
Long.Pelham,Long Pond,Pelham,,Microcystis,">70,000 or >50%",7/26/2005,10/1/2005,67,NHLAK700061205-02-01,Warning
York.Berlin,York Pond,Berlin,,Aphanizomenon,">70,000 or >50%",8/3/2005,9/20/2005,48,NHLAK801010701-02,Warning
Greenwood.Kingston,Greenwood Pond,Kingston,,unidentified,">70,000 or >50%",8/5/2005,9/30/2005,56,NHLAK700061403-07,Warning
Country.Kingston,Country Pond,"Kingston, Newton",,Microcystis,">70,000 or >50%",8/9/2005,8/26/2005,17,NHLAK700061403-03-01,Warning
Baboosic.Amherst,Baboosic Lake,Amherst,,Oscillatoria,">70,000 or >50%",8/16/2005,8/19/2005,3,NHLAK700060905-01-01,Warning
Turtle.Concord,Turtle Pond,Concord,,Anabaena,">70,000 or >50%",9/29/2005,10/7/2005,8,NHLAK700060302-08,Warning
Monomonac.Rindge,"Monomonac, Lake",Rindge,,Anabaena,">70,000 or >50%",6/7/2006,6/26/2006,19,NHLAK802020103-06,Warning
Pool.Rindge,Pool Pond,Rindge,,Anabaena,">70,000 or >50%",6/11/2006,6/19/2006,8,NHLAK700030101-12,Warning
Showell.Sandown,Showell Pond,Sandown,,Anabaena,">70,000 or >50%",6/19/2006,10/23/2006,126,NHLAK600030802-04,Warning
French.Henniker,French Pond,Henniker,,Aphanizomenon,">70,000 or >50%",6/19/2006,10/23/2006,126,NHLAK700030504-02-01,Warning
Sondogardy.Northfield,Sondogardy Pond,Northfield,,Oscillatoria,">70,000 or >50%",7/6/2006,7/14/2006,8,NHLAK700060101-02-01,Warning
Hunkins.Sanbornton,Hunkins Pond,Sanbornton,,Anabaena,">70,000 or >50%",7/20/2006,10/23/2006,95,NHLAK700020201-02,Warning
Turtle.Concord,Turtle Pond,Concord,,Anabaena,">70,000 or >50%",7/24/2006,10/23/2006,91,NHLAK700060302-08,Warning
Long.Pelham,Long Pond,Pelham,,unidentified,">70,000 or >50%",8/5/2006,8/21/2006,16,NHLAK700061205-02-01,Warning
Sondogardy.Northfield,Sondogardy Pond,Northfield,,unidentified,">70,000 or >50%",8/17/2006,9/4/2006,18,NHLAK700060101-02-01,Warning
Baboosic.Amherst,Baboosic Lake,Amherst,,Oscillatoria,">70,000 or >50%",8/17/2006,9/8/2006,22,NHLAK700060905-01-01,Warning
Country.Kingston,Country Pond,"Kingston, Newton",,Microcystis,">70,000 or >50%",8/17/2006,9/12/2006,26,NHLAK700061403-03-01,Warning
Phillips.Sandown,Phillips Pond,Sandown,,unidentified,">70,000 or >50%",8/25/2006,9/8/2006,14,NHLAK600030802-03-01,Warning
Willand.Somersworth,Willand Pond,Somersworth,,Unidentified,">70,000 or >50%",7/12/2007,10/11/2007,91,NHLAK600030405-03,Warning
Showell.Sandown,Showell Pond,Sandown,,Anabaena,">70,000 or >50%",7/19/2007,10/11/2007,84,NHLAK600030802-04,Warning
Country.Kingston,Country Pond,"Kingston, Newton",,Unidentified,">70,000 or >50%",7/24/2007,8/17/2007,24,NHLAK700061403-03-01,Warning
Granite.Nelson,Granite Lake,Nelson,,Unidentified,">70,000 or >50%",7/25/2007,8/8/2007,14,NHLAK802010201-05,Warning
Sondogardy.Northfield,Sondogardy Pond,Northfield,,Unidentified,">70,000 or >50%",7/27/2007,8/24/2007,28,NHLAK700060101-02-01,Warning
French.Henniker,French Pond,Henniker,,Unidentified,">70,000 or >50%",8/1/2007,10/11/2007,71,NHLAK700030504-02-01,Warning
Keyser.Henniker,Keyser Pond,Henniker,,Unidentified,">70,000 or >50%",8/8/2007,8/29/2007,21,NHLAK700030504-03,Warning
Horace.Weare,Horace Lake,Weare,,Anabaena,">70,000 or >50%",8/24/2007,8/30/2007,6,NHLAK700060601-05-01,Warning
Forest.Winchester,Forest Lake,Winchester,,Unidentified,">70,000 or >50%",8/30/2007,10/11/2007,42,NHLAK802010401-01-01,Warning
Baboosic.Amherst,Baboosic Lake,Amherst,,Unidentified,">70,000 or >50%",8/31/2007,10/11/2007,41,NHLAK700060905-01-01,Warning
Elm.Hopkinton,Elm Brook,Hopkinton,,Unidentified,">70,000 or >50%",9/7/2007,10/11/2007,34,NHIMP700030503-01-01,Warning
Winnisquam.Laconia,"Winnisquam, Lake",Laconia,,unidentified,">70,000 or >50%",6/25/2008,7/23/2008,28,NHLAK700020201-05-01,Warning
Opechee.Laconia,Opechee Lake,Laconia,,Anabaena,">70,000 or >50%",7/7/2008,8/13/2008,37,NHLAK700020201-06-01,Warning
Robinson.Hudson,Robinson Pond,Hudson,,Anabaena,">70,000 or >50%",7/16/2008,7/24/2008,8,NHLAK700061203-06-01,Warning
LittleSunapee.NewLondon,Little Sunapee Lake,New London,,Anabaena,">70,000 or >50%",7/16/2008,7/25/2008,9,NHLAK801060402-04-01,Warning
Storrs.Hanover,Storrs Pond,Hanover,,Anabaena,">70,000 or >50%",7/22/2008,7/25/2008,3,NHLAK801040402-02-01,Warning
Halfmoon.Kingston,Halfmoon Pond,Kingston,,Oscillatoria,">70,000 or >50%",7/23/2008,8/20/2008,28,NHLAK700061403-08,Warning
Greenwood.Kingston,Greenwood Pond,Kingston,,Oscillatoria,">70,000 or >50%",7/26/2008,8/13/2008,18,NHLAK700061403-07,Warning
York.Berlin,York Pond,Berlin,,Aphanizomenon,">70,000 or >50%",7/30/2008,12/1/2008,124,NHLAK801010701-02,Warning
Robinson.Hudson,Robinson Pond,Hudson,,Coelosphaerium,">70,000 or >50%",8/8/2008,8/21/2008,13,NHLAK700061203-06-01,Warning
Long.Pelham,Long Pond,Pelham,,Anabaena,">70,000 or >50%",8/8/2008,8/15/2008,7,NHLAK700061205-02-01,Warning
Mirror.Tuftonboro,Mirror Lake,"Tuftonboro, Wolfeboro",,Oscillatoria,">70,000 or >50%",8/12/2008,12/1/2008,111,NHLAK700020106-02-01,Warning
Forest.Winchester,Forest Lake,Winchester,,Oscillatoria,">70,000 or >50%",8/12/2008,8/29/2008,17,NHLAK802010401-01-01,Warning
French.Henniker,French Pond,Henniker,,Anabaena,">70,000 or >50%",8/14/2008,9/1/2008,18,NHLAK700030504-02-01,Warning
Webster.Franklin,Webster Lake,Franklin,,Anabaena,">70,000 or >50%",8/15/2008,11/26/2008,103,NHLAK700010804-02-01,Warning
Country.Kingston,Country Pond,"Kingston, Newton",,Microcystis,">70,000 or >50%",8/15/2008,10/10/2008,56,NHLAK700061403-03-01,Warning
Hunkins.Sanbornton,Hunkins Pond,Sanbornton,,Anabaena,">70,000 or >50%",8/21/2008,12/1/2008,102,NHLAK700020201-02,Warning
LittleSunapee.NewLondon,Little Sunapee Lake,New London,,Anabaena,">70,000 or >50%",8/22/2008,8/25/2008,3,NHLAK801060402-04-01,Warning
Monomonac.Rindge,"Monomonac, Lake",Rindge,,Anabaena,">70,000 or >50%",8/22/2008,10/9/2008,48,NHLAK802020103-06,Warning
Showell.Sandown,Showell Pond,Sandown,,Aphanizomenon,">70,000 or >50%",8/25/2008,12/1/2008,98,NHLAK600030802-04,Warning
Phillips.Sandown,Phillips Pond,Sandown,,unidentified,">70,000 or >50%",9/4/2008,12/1/2008,88,NHLAK600030802-03-01,Warning
Monomonac.Rindge,"Monomonac, Lake",Rindge,,Anabaena,">70,000 or >50%",6/3/2009,6/15/2009,12,NHLAK802020103-06,Warning
Goose.Canaan,Goose Pond,"Canaan, Hanover",,Anabaena,">70,000 or >50%",6/5/2009,6/22/2009,17,NHLAK801060103-01,Warning
Harvey.Northwood,Harvey Lake,Northwood,,Anabaena,">70,000 or >50%",6/8/2009,6/16/2009,8,NHLAK700060502-05,Warning
Mascoma.Enfield,Mascoma Lake,Enfield/Lebanon,,Anabaena,">70,000 or >50%",6/10/2009,6/17/2009,7,NHLAK801060105-04-01,Warning
Locke.Barnstead,Locke Lake,Barnstead,,Anabaena,">70,000 or >50%",6/11/2009,6/19/2009,8,NHIMP700060402-02,Warning
Willand.Somersworth,Willand Pond,Somersworth,,Anabaena,">70,000 or >50%",6/11/2009,7/14/2009,33,NHLAK600030405-03,Warning
Hermit.Sanbornton,Hermit Lake,Sanbornton,,Anabaena,">70,000 or >50%",6/11/2009,6/15/2009,4,NHLAK700010802-03-01,Warning
Robinson.Hudson,Robinson Pond,Hudson,,Anabaena,">70,000 or >50%",7/10/2009,7/13/2009,3,NHLAK700061203-06-01,Warning
York.Berlin,York Pond,Berlin,,Aphanizomenon,"100,000",7/14/2009,10/27/2009,105,NHLAK801010701-02,Warning
Horace.Weare,Horace Lake,Weare,,Anabaena,"134,000",7/17/2009,7/20/2009,3,NHLAK700060601-05-01,Warning
Locke.Barnstead,Locke Lake,Barnstead,,Anabaena,">70,000 or >50%",7/22/2009,7/29/2009,7,NHIMP700060402-02,Warning
Pearly.Rindge,Pearly Lake,Rindge,,Anabaena,">70,000 or >50%",7/29/2009,8/7/2009,9,NHLAK802020103-08,Warning
Country.Kingston,Country Pond,"Kingston, Newton",,Anabaena,">70,000 or >50%",8/5/2009,8/14/2009,9,NHLAK700061403-03-01,Warning
Rust.Wolfeboro,Rust Pond,Wolfeboro,,unidentified,">70,000 or >50%",8/10/2009,8/19/2009,9,NHLAK700020101-07-01,Warning
Mascoma.Enfield,Mascoma Lake,Enfield/Lebanon,,Anabaena,"1,259,600",8/12/2009,8/15/2009,3,NHLAK801060105-04-01,Warning
Cobbetts.Windham,Cobbetts Pond,Windham,,Anabaena,"475,760",8/14/2009,8/27/2009,13,NHLAK700061204-01-01,Warning
Great.Kingston,Great Pond,Kingston,,Anabaena,"144,000",8/18/2009,8/20/2009,2,NHLAK700061403-06-01,Warning
Phillips.Sandown,Phillips Pond,Sandown,,Microcystis,">70,000 or >50%",8/19/2009,8/20/2009,1,NHLAK600030802-03-01,Warning
Downing.NewDurham,Downing Pond,New Durham,,unidentified,">70,000 or >50%",8/24/2009,10/16/2009,53,NHLAK700020102-02,Warning
Waukewan.Meredith,"Waukewan, Lake ",Meredith,,Anabaena,">70,000 or >50%",8/24/2009,8/28/2009,4,NHLAK700020108-02-01,Warning
French.Henniker,French Pond,Henniker,,Anabaena,"122,476",8/25/2009,9/7/2009,13,NHLAK700030504-02-01,Warning
Sondogardy.Northfield,Sondogardy Pond,Northfield,,Oscillatoria,"72,876",8/25/2009,8/28/2009,3,NHLAK700060101-02-01,Warning
Robinson.Hudson,Robinson Pond,Hudson,,Oscillatoria,">70,000 or >50%",8/31/2009,9/11/2009,11,NHLAK700061203-06-01,Warning
Sondogardy.Northfield,Sondogardy Pond,Northfield,,Oscillatoria,">70,000 or >50%",9/1/2009,9/7/2009,6,NHLAK700060101-02-01,Warning
Goose.Canaan,Goose Pond,"Canaan, Hanover",,Microcystis,">70,000 or >50%",9/4/2009,9/15/2009,11,NHLAK801060103-01,Warning
Monomonac.Rindge,"Monomonac, Lake",Rindge,,Anabaena,"500,000",5/23/2010,6/2/2010,10,NHLAK802020103-06,Warning
Locke.Barnstead,Locke Lake,Barnstead,,Anabaena,"120,000",5/25/2010,6/2/2010,8,NHIMP700060402-02,Warning
Angle.Sandown,Angle Pond,Sandown,,Anabaena,"235,000",5/25/2010,6/3/2010,9,NHLAK700061403-01-01,Warning
Pearly.Rindge,Pearly Lake,Rindge,,Anabaena,"256,000",5/25/2010,6/21/2010,27,NHLAK802020103-08,Warning
Willand.Somersworth,Willand Pond,Somersworth,,Anabaena,"739,000",5/26/2010,6/17/2010,22,NHLAK600030405-03,Warning
Rock.Windham,Rock Pond,Windham,,Anabaena,"196,000",6/15/2010,6/22/2010,7,NHLAK700061204-03,Warning
Showell.Sandown,Showell Pond,Sandown,,Oscillatoria,"82,882",6/16/2010,7/2/2010,16,NHLAK600030802-04,Warning
Nippo.Barrington,Nippo Pond,Barrington,,Anabaena,"87,000",6/17/2010,6/24/2010,7,NHLAK600030605-01,Warning
White.Tamworth,White Lake ,Tamworth,,Anabaena,"176,000",6/22/2010,6/23/2010,1,NHLAK600020605-02-01,Warning
Webster.Franklin,Webster Lake,Franklin,,Anabaena,"361,143",7/7/2010,7/8/2010,1,NHLAK700010804-02-01,Warning
Elm.Hopkinton,Elm Brook,Hopkinton,,Oscillatoria,"99,000",7/12/2010,7/20/2010,8,NHIMP700030503-01-01,Warning
Pearly.Rindge,Pearly Lake,Rindge,,Anabaena,"15,000",7/12/2010,8/2/2010,21,NHLAK802020103-08,Warning
Sebbins.Bedford,Sebbins Pond,Bedford,,Oscillatoria,"30,000",7/13/2010,8/4/2010,22,NHLAK700060804-02,Warning
Robinson.Hudson,Robinson Pond,Hudson,,Oscillatoria,">70,000 or >50%",7/13/2010,7/16/2010,3,NHLAK700061203-06-01,Warning
Forest.Winchester,Forest Lake,Winchester,,Oscillatoria,"17,877",7/16/2010,8/3/2010,18,NHLAK802010401-01-01,Warning
Duncan.Ossipee,Duncan Lake ,Ossipee,,Oscillatoria,"55,000",7/21/2010,8/2/2010,12,NHLAK600020703-01-01,Warning
Pawtuckaway.Nottingham,Pawtuckaway Lake,Nottingham,,Oscillatoria,"60,943",8/11/2010,8/30/2010,19,NHLAK600030704-02-01,Warning
Long.Pelham,Long Pond,Pelham,,Anabaena,"203,084",8/17/2010,8/27/2010,10,NHLAK700061205-02-01,Warning
BigIsland.Derry,Big Island Pond,Derry,,Anabaena,"97,000",8/19/2010,8/27/2010,8,NHLAK700061101-01-01,Warning
Province.Effingham,Province Lake,Effingham/Wakefield,,Anabaena,"243,172",9/1/2010,9/15/2010,14,NHLAK600020902-01,Warning
CanaanSt.Canaan,Canaan Street Lake,Canaan,,Anabaena,"217,000",9/2/2010,9/3/2010,1,NHLAK801060101-01-01,Warning
Surry.Surry,Surry Mountain Reservoir,Surry,,unidentified,">70,000 or >50%",9/2/2010,9/30/2010,28,NHLAK802010104-02-01,Warning
Winnisquam.Laconia,"Winnisquam, Lake",Laconia,,Anabaena,"58,459",9/19/2010,11/1/2010,43,NHLAK700020201-05-01,Warning
Pawtuckaway.Nottingham,Pawtuckaway Lake,Nottingham,,Anabaena,">70,000",5/27/2011,5/28/2011,1,NHLAK600030704-02-01,Warning
Jenness.Northwood,Jenness Pond,Northwood,,Microcystis,"280,000",6/6/2011,6/13/2011,7,NHLAK700060502-06,Warning
Goose.Canaan,Goose Pond,"Canaan, Hanover",,Anabaena,">70,000",6/7/2011,6/16/2011,9,NHLAK801060103-01,Warning
Silver.Hollis,Silver Lake,Hollis,,Anabaena,"11,000,000",6/15/2011,6/23/2011,8,NHLAK700061001-02-01,Warning
Elm.Hopkinton,Elm Brook,Hopkinton,,Anabaena,"129,000",6/20/2011,6/27/2011,7,NHIMP700030503-01-01,Warning
Winni.Meredith,"Winnipesaukee, Lake","Meredith, Laconia",,Anabaena,"509,200",6/28/2011,7/1/2011,3,NHLAK700020110-02-19-5,Warning
Greenwood.Kingston,Greenwood Pond,Kingston,,Anabaena,">70,000",7/12/2011,7/13/2011,1,NHLAK700061403-07,Warning
Silver.Hollis,Silver Lake,Hollis,,Anabaena,"1,000,000",7/26/2011,8/5/2011,10,NHLAK700061001-02-01,Warning
Forest.Winchester,Forest Lake,Winchester,,Oscillatoria,">70,000",7/28/2011,10/5/2011,69,NHLAK802010401-01-01,Warning
Long.Pelham,Long Pond,Pelham,,Anabaena,">70,000",8/1/2011,8/17/2011,16,NHLAK700061205-02-01,Warning
Halfmoon.Alton,Halfmoon Lake,"Alton, Barnstead",,Oscillatoria,"859,833",8/10/2011,8/19/2011,9,NHLAK700060402-03,Warning
Sebbins.Bedford,Sebbins Pond,Bedford,,Microcystis,"467,000",8/11/2011,9/9/2011,29,NHLAK700060804-02,Warning
Silver.Hollis,Silver Lake,Hollis,,Microcystis,"1,826,597",8/13/2011,8/24/2011,11,NHLAK700061001-02-01,Warning
Silver.Hollis,Silver Lake,Hollis,,Anabaena,"474,092",8/30/2011,9/2/2011,3,NHLAK700061001-02-01,Warning
Sawyer.Gilmanton,Sawyer Lake,Gilmanton,,Anabaena,"266,118",5/29/2012,6/7/2012,9,NHLAK700020202-05,Warning
Silver.Hollis,Silver Lake,Hollis,,Anabaena,"1,854,000",6/21/2012,7/4/2012,13,NHLAK700061001-02-01,Warning
Forest.Winchester,Forest Lake,Winchester,,Oscillatoria,"158,162",7/17/2012,7/27/2012,10,NHLAK802010401-01-01,Warning
New.Canterbury,New Pond,Canterbury,,unidentified,NA,7/19/2012,7/26/2012,7,NHLAK700060201-03,Warning
French.Henniker,French Pond,Henniker,,Anabaena,"192,000",7/31/2012,8/15/2012,15,NHLAK700030504-02-01,Warning
Silver.Hollis,Silver Lake,Hollis,,Anabaena,">70,000",7/31/2012,8/2/2012,2,NHLAK700061001-02-01,Warning
Silver.Hollis,Silver Lake,Hollis,,Microcystis,"1,000,000",8/9/2012,8/21/2012,12,NHLAK700061001-02-01,Warning
Long.Pelham,Long Pond,Pelham,,Anabaena,">70,000",8/21/2012,9/4/2012,14,NHLAK700061205-02-01,Warning
Silver.Hollis,Silver Lake,Hollis,,Anabaena,">70,000",8/22/2012,8/29/2012,7,NHLAK700061001-02-01,Warning
Showell.Sandown,Showell Pond,Sandown,,Coelosphaerium,"416,517",8/29/2012,10/20/2012,52,NHLAK600030802-04,Warning
Long.Pelham,Long Pond,Pelham,,Anabaena,"342,296",9/5/2012,10/18/2012,43,NHLAK700061205-02-01,Warning
WhitePark.Concord,White Park Pond,Concord,,Anabaena,">70,000",5/28/2013,5/31/2013,3,NHLAK700060302-20,Warning
Beaver.Derry,Beaver Lake,Derry,,Anabaena,"1,598,000",5/31/2013,6/5/2013,5,NHLAK700061203-02-01,Warning
Province.Effingham,Province Lake,Effingham/Wakefield,,Anabaena,">70,000",6/20/2013,6/28/2013,8,NHLAK600020902-01,Warning
Province.Effingham,Province Lake,Effingham/Wakefield,,Anabaena,">70,000",7/11/2013,7/19/2013,8,NHLAK600020902-01,Warning
Horseshoe.Merrimack,Horseshoe Pond,Merrimack,,Multiple,"980,000",7/17/2013,8/2/2013,16,NHLAK700061002-03,Warning
Elm.Hopkinton,Elm Brook,Hopkinton,,Microcystis,"457,682",8/7/2013,8/9/2013,2,NHIMP700030503-01-01,Warning
Silver.Hollis,Silver Lake,Hollis,,Anabaena,"260,000",8/18/2013,9/4/2013,17,NHLAK700061001-02-01,Warning
Sondogardy.Northfield,Sondogardy Pond,Northfield,,Spirulina,"146,873",8/19/2013,8/28/2013,9,NHLAK700060101-02-01,Warning
Northwood.Northwood,Northwood Lake,Northwood,,Anabaena,"450,978",8/28/2013,8/30/2013,2,NHLAK700060502-08-01,Warning
Mascoma.Enfield,Mascoma Lake,Enfield/Lebanon,,Microcystis,"1,300,000",8/30/2013,9/3/2013,4,NHLAK801060105-04-01,Warning
Webster.Franklin,Webster Lake,Franklin,,Anabaena,"142,000",6/30/2014,7/7/2014,7,NHLAK700010804-02-01,Warning
Forest.Winchester,Forest Lake,Winchester,,Oscillatoria,"101,572",7/1/2014,7/3/2014,2,NHLAK802010401-01-01,Warning
Silver.Hollis,Silver Lake,Hollis,,Anabaena,">70,000",7/12/2014,7/15/2014,3,NHLAK700061001-02-01,Warning
Silver.Hollis,Silver Lake,Hollis,,Microcystis,"1,086,817",7/29/2014,8/8/2014,10,NHLAK700061001-02-01,Warning
Phillips.Sandown,Phillips Pond,Sandown,,Microcystis,"1,900,000",8/1/2014,8/8/2014,7,NHLAK600030802-03-01,Warning
Otternick.Hudson,Otternick Pond,Hudson,,Anabaena,"865,000",8/1/2014,8/22/2014,21,NHLAK700061206-02,Warning
Gorham.Dunbarton,Gorham Pond,Dunbarton,,Microcystis,">70,000",8/4/2014,8/6/2014,2,NHLAK700060603-01,Warning
Long.Pelham,Long Pond,Pelham,,Anabaena,">70,000",8/5/2014,8/8/2014,3,NHLAK700061205-02-01,Warning
Long.Henniker,Long Pond,Henniker,,Oscillatoria,"936,491",8/6/2014,8/8/2014,2,NHLAK700030502-01,Warning
Silver.Hollis,Silver Lake,Hollis,,Microcystis,">70,000",8/11/2014,8/22/2014,11,NHLAK700061001-02-01,Warning
Long.Pelham,Long Pond,Pelham,,Anabaena,">70,000",8/11/2014,8/12/2014,1,NHLAK700061205-02-01,Warning
Showell.Sandown,Showell Pond,Sandown,,Anabaena,">70,000",8/12/2014,9/25/2014,44,NHLAK600030802-04,Warning
Horace.Weare,Horace Lake,Weare,,Anabaena,"207,206",8/20/2014,8/22/2014,2,NHLAK700060601-05-01,Warning
Horace.Weare,Horace Lake,Weare,,Anabaena,">70,000",8/26/2014,8/29/2014,3,NHLAK700060601-05-01,Warning
Silver.Hollis,Silver Lake,Hollis,,Microcystis,"1,200,000",8/26/2014,9/10/2014,15,NHLAK700061001-02-01,Warning
Dublin.Dublin,Dublin Lake,Dublin,,Anabaena,"120,000",8/26/2014,8/27/2014,1,NHLAK802010202-05,Warning
Hunkins.Sanbornton,Hunkins Pond,Sanbornton,,Anabaena,"102,000",9/5/2014,9/30/2014,25,NHLAK700020201-02,Warning
Mirror.Tuftonboro,Mirror Lake,"Tuftonboro, Wolfeboro",,unidentified,">70,000",9/27/2014,9/30/2014,3,NHLAK700020106-02-01,Warning
TowerHill.Auburn,Tower Hill Pond,Auburn,,Anabaena,"25,000,000",9/30/2014,10/22/2014,22,NHLAK700060701-04,Warning
Monomonac.Rindge,"Monomonac, Lake",Rindge,,Microcysits,"507,858",6/8/2015,6/16/2015,8,NHLAK802020103-06,Warning
Silver.Hollis,Silver Lake,Hollis,,Anabaena,">70,000",6/23/2015,6/26/2015,3,NHLAK700061001-02-01,Warning
French.Henniker,French Pond,Henniker,,Anabaena,"120,000",7/6/2015,7/13/2015,7,NHLAK700030504-02-01,Warning
Silver.Hollis,Silver Lake,Hollis,,Anabaena,"1,000,000",7/20/2015,7/23/2015,3,NHLAK700061001-02-01,Warning
OtterBrook.Keene,Otter Brook Lake,Keene,,Anabaena,"500,000",7/20/2015,7/28/2015,8,NHLAK802010201-06-01,Warning
Nippo.Barrington,Nippo Pond,Barrington,,Picocyanobacteria,"170,000",8/3/2015,8/26/2015,23,NHLAK600030605-01,Warning
Sondogardy.Northfield,Sondogardy Pond,Northfield,,Oscillatoria,"2,000,000",8/4/2015,8/10/2015,6,NHLAK700060101-02-01,Warning
Darrah.Litchfield,Darrah Pond,Litchfield,,Oscillatoria,"3,000,000",8/4/2015,8/27/2015,23,NHLAK700061002-01-01,Warning
Norway.Hancock,Norway Pond,Hancock,,Oscillatoria,">70,000",8/12/2015,8/17/2015,5,NHLAK700030107-02-01,Warning
Downing.NewDurham,Downing Pond,New Durham,,Anabaena,"4,100,000",8/13/2015,9/2/2015,20,NHLAK700020102-02,Warning
Robinson.Hudson,Robinson Pond,Hudson,,Oscillatoria,"300,000",8/17/2015,8/25/2015,8,NHLAK700061203-06-01,Warning
French.Henniker,French Pond,Henniker,,Anabaena,"150,000",8/20/2015,9/10/2015,21,NHLAK700030504-02-01,Warning
Keyser.Henniker,Keyser Pond,Henniker,,Anabaena,"5,000,000",8/21/2015,9/3/2015,13,NHLAK700030504-03,Warning
Otternick.Hudson,Otternick Pond,Hudson,,Anabaena,"237,677",8/26/2015,9/11/2015,16,NHLAK700061206-02,Warning
Silver.Hollis,Silver Lake,Hollis,,Microcystis,">70,000",9/1/2015,9/4/2015,3,NHLAK700061001-02-01,Warning
Sunrise.Middleton,Sunrise Lake,Middleton,,Anabaena,"2,500,000",5/27/2016,6/2/2016,6,NHLAK600030601-05-01,Warning
Townhouse.Milton,Townhouse Pond,Milton,,Anabaena,"150,000",6/16/2016,6/23/2016,7,NHLAK600030404-01-02,Warning
OtterBrook.Keene,Otter Brook Lake,Keene,,unidentified,"103,600",6/22/2016,7/6/2016,14,NHLAK802010201-06-01,Warning
Downing.NewDurham,Downing Pond,New Durham,,Anabaena,"120,000",6/30/2016,7/29/2016,29,NHLAK700020102-02,Warning
French.Henniker,French Pond,Henniker,,Anabaena,"1,900,000",7/1/2016,7/8/2016,7,NHLAK700030504-02-01,Warning
Silver.Hollis,Silver Lake,Hollis,,Microcystis,"33,000",7/11/2016,7/18/2016,7,NHLAK700061001-02-01,Warning
Greenwood.Kingston,Greenwood Pond,Kingston,,Oscillatoria,">70,000",7/14/2016,7/22/2016,8,NHLAK700061403-07,Warning
Elm.Hopkinton,Elm Brook,Hopkinton,,unidentified,"832,887",7/21/2016,8/8/2016,18,NHIMP700030503-01-01,Warning
Silver.Hollis,Silver Lake,Hollis,,Microcystis,">70,000",7/27/2016,7/30/2016,3,NHLAK700061001-02-01,Warning
Darrah.Litchfield,Darrah Pond,Litchfield,,Phormidium,"1,000,000",7/28/2016,8/22/2016,25,NHLAK700061002-01-01,Warning
Nippo.Barrington,Nippo Pond,Barrington,,Picocyanobacteria,">70,000",7/29/2016,8/12/2016,14,NHLAK600030605-01,Warning
Sebbins.Bedford,Sebbins Pond,Bedford,,Microcystis,"370,000",8/1/2016,8/4/2016,3,NHLAK700060804-02,Warning
Norway.Hancock,Norway Pond,Hancock,,Merismopedia,">70,000",8/2/2016,8/8/2016,6,NHLAK700030107-02-01,Warning
LittleIsland.Pelham,Little Island Pond,Pelham,,Anabaena,"542,392",8/5/2016,8/10/2016,5,NHLAK700061204-02,Warning
Pawtuckaway.Nottingham,Pawtuckaway Lake,Nottingham,,unidentified,"3,615,950",8/11/2016,8/23/2016,12,NHLAK600030704-02-01,Warning
Showell.Sandown,Showell Pond,Sandown,,Anabaena,">70,000",8/11/2016,8/25/2016,14,NHLAK600030802-04,Warning
Todd.Newbury,"Todd, Lake",Newbury,,Oscillatoria,"2,031,432",8/15/2016,12/1/2016,108,NHLAK700030301-02,Warning
Elm.Hopkinton,Elm Brook,Hopkinton,,Anabaena,">70,000",8/26/2016,9/5/2016,10,NHIMP700030503-01-01,Warning
Hothole.Loudon,Hothole Pond,Loudon,,Anabaena,"72,000",8/30/2016,10/6/2016,37,NHLAK700060302-05,Warning
Sebbins.Bedford,Sebbins Pond,Bedford,,Microcystis,">70,000",9/1/2016,12/1/2016,91,NHLAK700060804-02,Warning
Showell.Sandown,Showell Pond,Sandown,,Anabaena,">70,000",9/2/2016,10/7/2016,35,NHLAK600030802-04,Warning
Goose.Canaan,Goose Pond,"Canaan, Hanover",,Anabaena/Dolichospermum,"134,000",6/8/2017,6/13/2017,5,NHLAK801060103-01,Warning
Silver.Hollis,Silver Lake,Hollis,,Anabaena/Dolichospermum,"840,000",6/12/2017,8/23/2017,72,NHLAK700061001-02-01,Warning
Elm.Hopkinton,Elm Brook,Hopkinton,,Anabaena/Dolichospermum,"85,800",6/19/2017,6/30/2017,11,NHIMP700030503-01-01,Warning
Monomonac.Rindge,"Monomonac, Lake",Rindge,,Anabaena/Dolichospermum,"695,700",7/18/2017,7/31/2017,13,NHLAK802020103-06,Warning
Long.Pelham,Long Pond,Pelham,,Microcystis,"105,160",7/20/2017,8/1/2017,12,NHLAK700061205-02-01,Warning
French.Henniker,French Pond,Henniker,,Anabaena/Dolichospermum,"98,000",7/25/2017,8/16/2017,22,NHLAK700030504-02-01,Warning
Keyser.Henniker,Keyser Pond,Henniker,,Anabaena/Dolichospermum,"979,000",7/25/2017,8/16/2017,22,NHLAK700030504-03,Warning
Sebbins.Bedford,Sebbins Pond,Bedford,,Microcystis,"375,350",7/26/2017,8/6/2017,11,NHLAK700060804-02,Warning
Lees.Moultonboro,Lees Pond,Moultonborough,,Aphanocapsa,"122,750",7/27/2017,8/1/2017,5,NHLAK700020103-05,Warning
LittleIsland.Pelham,Little Island Pond,Pelham,,Anabaena/Dolichospermum,"7,000,000",7/31/2017,8/7/2017,7,NHLAK700061204-02,Warning
Pawtuckaway.Nottingham,Pawtuckaway Lake,Nottingham,,Anabaena/Dolichospermum,"74,500",8/4/2017,8/16/2017,12,NHLAK600030704-02-01,Warning
Greenwood.Kingston,Greenwood Pond,Kingston,,Oscillatoria,"140,800",8/10/2017,8/23/2017,13,NHLAK700061403-07,Warning
Lily.Sandown,Lily Pond,Sandown,,Oscillatoria,too numerous to count (TNTC),8/24/2017,9/7/2017,14,NHLAK600030802-02,Warning
Long.Pelham,Long Pond,Pelham,,Microcystis,">70,000",9/5/2017,9/30/2017,25,NHLAK700061205-02-01,Warning
Governors.Raymond,Governors Lake,Raymond,,Anabaena/Dolichospermum,"95,241",9/13/2017,9/20/2017,7,NHLAK600030703-01,Warning
Partridge.Littleton,Partridge Lake,Littleton,,Anabaena/Dolichospermum,"1,400,000",9/17/2017,10/6/2017,19,NHLAK801030502-03,Warning
Great.Kingston,Great Pond,Kingston,,Microcystis,"1,300,000",9/19/2017,9/27/2017,8,NHLAK700061403-06-01,Warning
Turtle.Concord,Turtle Pond,Concord,,Microcystis,">1,000,000",9/27/2017,10/6/2017,9,NHLAK700060302-08,Warning
Jackman.Hillsboro,Jackman Reservoir/Franklin Pierce Lake,Hillsborough,,Anabaena/Dolichospermum,"450,000",6/7/2018,6/12/2018,5,NHLAK700030202-03-01,Warning
Elm.Hopkinton,Elm Brook,Hopkinton,,Anabaena/Dolichospermum,"739,196",6/12/2018,6/20/2018,8,NHIMP700030503-01-01,Warning
Silver.Hollis,Silver Lake,Hollis,,Anabaena/Dolichospermum,"800,000",6/21/2018,6/26/2018,5,NHLAK700061001-02-01,Warning
Berry.Freedom,Berry Bay,Freedom,,Anabaena/Dolichospermum,"170,000",6/22/2018,6/29/2018,7,NHLAK600020804-01-01,Warning
Jericho.Berlin,Jericho Lake,Berlin,,Anabaena/Dolichospermum,"3,250,000",6/26/2018,7/3/2018,7,NHLAK400010606-01,Warning
Paugus.Laconia,Paugus Bay,Laconia,,Microcystis,"3,000,000",6/29/2018,8/9/2018,41,NHLAK700020110-02-01,Warning
Silver.Hollis,Silver Lake,Hollis,,Anabaena/Dolichospermum,">1,000,000",6/29/2018,9/26/2018,89,NHLAK700061001-02-01,Warning
Long.Pelham,Long Pond,Pelham,,Anabaena/Dolichospermum,">70,000",6/29/2018,7/3/2018,4,NHLAK700061205-02-01,Warning
Post.Lyme,Post Pond,Lyme,,Anabaena/Dolichospermum,">70,000",6/29/2018,7/17/2018,18,NHLAK801040203-01-01,Warning
Greenwood.Kingston,Greenwood Pond,Kingston,,Oscillatoria/Planktothrix,"19,000,000",7/5/2018,8/8/2018,34,NHLAK700061403-07,Warning
Phillips.Sandown,Phillips Pond,Sandown,,Microcystis,"87,750",7/13/2018,8/8/2018,26,NHLAK600030802-03-01,Warning
Keyser.Henniker,Keyser Pond,Henniker,,Oscillatoria/Planktothrix,too numerous to count (TNTC),7/17/2018,9/21/2018,66,NHLAK700030504-03,Warning
JonesDam.NewDurham,Jones Dam Pond,New Durham,,Oscillatoria/Planktothrix,"3,000,000",7/20/2018,9/25/2018,67,NHIMP700020102-01-01,Warning
New.Canterbury,New Pond,Canterbury,,Anabaena/Dolichospermum,"80,000",7/20/2018,8/8/2018,19,NHLAK700060201-03,Warning
Sebbins.Bedford,Sebbins Pond,Bedford,,Oscillatoria/Planktothrix,">30,000,000",7/20/2018,8/22/2018,33,NHLAK700060804-02,Warning
Marsh.Alton,Marsh Pond,"New Durham, Alton",,Oscillatoria/Planktothrix,"140,000",7/27/2018,10/5/2018,70,NHIMP700020102-01-02,Warning
Long.Pelham,Long Pond,Pelham,,Anabaena/Dolichospermum,">70,000",7/31/2018,8/3/2018,3,NHLAK700061205-02-01,Warning
Province.Effingham,Province Lake,Effingham/Wakefield,,Anabaena/Dolichospermum,">70,000",8/6/2018,8/16/2018,10,NHLAK600020902-01,Warning
MineFalls.Nashua,Nashua River (Mine Falls),Nashua,,Oscillatoria/Planktothrix,too numerous to count (TNTC),8/8/2018,8/28/2018,20,NHIMP700040402-02,Warning
Sunrise.Middleton,Sunrise Lake,Middleton,,Oscillatoria/Planktothrix,">70,000",8/8/2018,8/22/2018,14,NHLAK600030601-05-01,Warning
Showell.Sandown,Showell Pond,Sandown,,Anabaena/Dolichospermum,"13,500,000",8/8/2018,10/23/2018,76,NHLAK600030802-04,Warning
Wicwas.Meredith,Wicwas Lake,Meredith,,Anabaena/Dolichospermum,"119,000",8/9/2018,8/23/2018,14,NHLAK700020201-04,Warning
Elm.Hopkinton,Elm Brook,Hopkinton,,Anabaena/Dolichospermum,">70,000",8/16/2018,8/24/2018,8,NHIMP700030503-01-01,Warning
MiddleDan.Freedom,Middle Danforth Pond,Freedom,,Oscillatoria/Planktothrix,too numerous to count (TNTC),8/16/2018,8/22/2018,6,NHLAK600020803-01-02,Warning
Halfmoon.Alton,Halfmoon Lake,"Alton, Barnstead",,Oscillatoria/Planktothrix,"1,450,000",8/16/2018,8/30/2018,14,NHLAK700060402-03,Warning
Hothole.Loudon,Hothole Pond,Loudon,,Anabaena/Dolichospermum,"194,000",8/17/2018,9/11/2018,25,NHLAK700060302-05,Warning
Arlington.Salem,Arlington Mill Reservoir,Salem,,Microcystis,"1,000,000",8/17/2018,10/22/2018,66,NHLAK700061101-04,Warning
MiddleDan.Freedom,Middle Danforth Pond,Freedom,,Oscillatoria/Planktothrix,too numerous to count (TNTC),8/24/2018,9/26/2018,33,NHLAK600020803-01-02,Warning
Winona.NewHampton,"Winona, Lake",New Hampton,,Anabaena/Dolichospermum,"1,000,000",8/29/2018,9/7/2018,9,NHLAK700020108-02-02,Warning
Winni.Wolfeboro,"Winnipesaukee, Lake","Wolfeboro, Tuftonborough, Alton",,Gloeotrichia,">70,000",8/30/2018,9/21/2018,22,NHLAK700020110-02-19-3,Warning
Hunkins.Sanbornton,Hunkins Pond,Sanbornton,,Anabaena/Dolichospermum,"87,500",9/7/2018,10/26/2018,49,NHLAK700020201-02,Warning
Country.Kingston,Country Pond,"Kingston, Newton",,Microcystis,"19,620,000",9/28/2018,10/4/2018,6,NHLAK700061403-03-01,Warning
Squam.Holderness,Squam Lake,Holderness,,Microcystis,"175,500",10/12/2018,10/17/2018,5,NHLAK700010501-04-01,Warning
WhiteOak.Holderness,White Oak Pond,Holderness,,Microcystis,"4,417,500",10/12/2018,10/17/2018,5,NHLAK700010501-05,Warning
Silver.Hollis,Silver Lake,Hollis,,Microcystis,"194,000",6/9/2019,6/27/2019,18,NHLAK700061001-02-01,Warning
JonesDam.NewDurham,Jones Dam Pond,New Durham,,Oscillatoria/Planktothrix,"960,000",6/10/2019,6/14/2019,4,NHIMP700020102-01-01,Warning
Jackman.Hillsboro,Jackman Reservoir/Franklin Pierce Lake,Hillsborough,,Anabaena/Dolichospermum,"680,000",6/10/2019,6/14/2019,4,NHLAK700030202-03-01,Warning
Willand.Somersworth,Willand Pond,Somersworth,,Anabaena/Dolichospermum,"673,500",6/18/2019,6/27/2019,9,NHLAK600030405-03,Warning
Captains.Salem,Captains Pond,Salem,,Anabaena/Dolichospermum,"6,250,000",6/20/2019,7/2/2019,12,NHLAK700061102-03-01,Warning
Elm.Hopkinton,Elm Brook,Hopkinton,,Anabaena/Dolichospermum,"537,500",6/26/2019,7/9/2019,13,NHIMP700030503-01-01,Warning
Hunkins.Sanbornton,Hunkins Pond,Sanbornton,,Anabaena/Dolichospermum,"611,000",6/26/2019,7/30/2019,34,NHLAK700020201-02,Warning
Clough.Loudon,Clough Pond,Loudon,,Anabaena/Dolichospermum,"490,000",6/27/2019,7/2/2019,5,NHLAK700060202-03-01,Warning
Post.Lyme,Post Pond,Lyme,,Anabaena/Dolichospermum,"370,000",6/28/2019,7/2/2019,4,NHLAK801040203-01-01,Warning
Long.Pelham,Long Pond,Pelham,,Anabaena/Dolichospermum,"1,700,000",7/3/2019,7/11/2019,8,NHLAK700061205-02-01,Warning
JonesDam.NewDurham,Jones Dam Pond,New Durham,,Oscillatoria/Planktothrix,"282,000",7/10/2019,8/16/2019,37,NHIMP700020102-01-01,Warning
Keyser.Henniker,Keyser Pond,Henniker,,Anabaena/Dolichospermum,"145,000",7/10/2019,10/30/2019,112,NHLAK700030504-03,Warning
Elm.Hopkinton,Elm Brook,Hopkinton,,Oscillatoria/Planktothrix,"258,000",7/22/2019,7/25/2019,3,NHIMP700030503-01-01,Warning
Province.Effingham,Province Lake,Effingham/Wakefield,,Anabaena/Dolichospermum,"1,131,000",7/25/2019,7/31/2019,6,NHLAK600020902-01,Warning
Marsh.Alton,Marsh Pond,"New Durham, Alton",,Oscillatoria/Planktothrix,"150,000",7/26/2019,9/15/2019,51,NHIMP700020102-01-02,Warning
Greenwood.Kingston,Greenwood Pond,Kingston,,Oscillatoria/Planktothrix,">70,000",7/26/2019,7/30/2019,4,NHLAK700061403-07,Warning
Dublin.Dublin,Dublin Lake,Dublin,,Microcystis,">70,000",7/26/2019,7/31/2019,5,NHLAK802010202-05,Warning
Long.Henniker,Long Pond,Henniker,,Oscillatoria/Planktothrix,"113,000",8/2/2019,8/14/2019,12,NHLAK700030502-01,Warning
Jackman.Hillsboro,Jackman Reservoir/Franklin Pierce Lake,Hillsborough,,Anabaena/Dolichospermum,"377,500",8/6/2019,8/9/2019,3,NHLAK700030202-03-01,Warning
Mirror.Tuftonboro,Mirror Lake,"Tuftonboro, Wolfeboro",,Microcystis,"1,329,500",8/7/2019,8/20/2019,13,NHLAK700020106-02-01,Warning
MiddleDan.Freedom,Middle Danforth Pond,Freedom,,Oscillatoria/Planktothrix,"285,200",8/9/2019,8/13/2019,4,NHLAK600020803-01-02,Warning
Hunkins.Sanbornton,Hunkins Pond,Sanbornton,,Anabaena/Dolichospermum,"165,000",8/9/2019,8/28/2019,19,NHLAK700020201-02,Warning
Tarleton.Piermont,"Tarleton, Lake",Piermont,,Anabaena/Dolichospermum,"257,650",8/12/2019,8/14/2019,2,NHLAK801040201-03,Warning
Silver.Hollis,Silver Lake,Hollis,,Anabaena/Dolichospermum,"971,000",8/13/2019,8/20/2019,7,NHLAK700061001-02-01,Warning
Jericho.Berlin,Jericho Lake,Berlin,,Anabaena/Dolichospermum,"2,425,000",8/15/2019,8/20/2019,5,NHLAK400010606-01,Warning
Haunted.Francestown,Haunted Lake,Francestown,,Oscillatoria/Planktothrix,"204,000",8/19/2019,8/27/2019,8,NHLAK700060605-04-01,Warning
Showell.Sandown,Showell Pond,Sandown,,Anabaena/Dolichospermum,">70,000",8/20/2019,11/18/2019,90,NHLAK600030802-04,Warning
Lees.Moultonboro,Lees Pond,Moultonborough,,Anabaena/Dolichospermum,"327,000",8/20/2019,8/30/2019,10,NHLAK700020103-05,Warning
Halfmoon.Alton,Halfmoon Lake,"Alton, Barnstead",,Anabaena/Dolichospermum,"137,000",8/20/2019,8/27/2019,7,NHLAK700060402-03,Warning
Wicwas.Meredith,Wicwas Lake,Meredith,,Anabaena/Dolichospermum,"446,675",8/21/2019,8/27/2019,6,NHLAK700020201-04,Warning
PineRiver.Wakefield,Pine River Pond,Wakefield,,Oscillatoria/Planktothrix,too numerous to count (TNTC),8/30/2019,9/5/2019,6,NHLAK600020703-03,Warning
Nippo.Barrington,Nippo Pond,Barrington,,Picocyanobacteria,"200,000",8/30/2019,9/23/2019,24,NHLAK600030605-01,Warning
Tucker.Salisbury,Tucker Pond,Salisbury,,Woronichinia,"1,813,000",9/23/2019,10/7/2019,14,NHLAK700030304-07,Warning
Adder.Andover,Adder Pond/Hopkins Pond,Andover,,Anabaena/Dolichospermum,"3,580,000",10/11/2019,11/21/2019,41,NHLAK700030403-01,Warning
Governors.Raymond,Governors Lake,Raymond,,"Anabaena/Dolichospermum, Microcystis, Woronichinia","1,975,000",5/27/2020,6/10/2020,14,NHLAK600030703-01,Warning
Clough.Loudon,Clough Pond,Loudon,,Dolichospermum (D. lemmermannii),"232,500",6/2/2020,6/10/2020,8,NHLAK700060202-03-01,Warning
Millville.Salem,Millville Lake,Salem,,Dolichospermum (D. lemmermannii),"455,000",6/3/2020,6/10/2020,7,NHLAK700061102-06-01,Warning
Island.Stoddard,Island Pond,Stoddard,,NA,NA,6/8/2020,NA,NA,NHLAK700030202-02-01,Alert
Winnipocket.Webster,"Winnepocket, Lake",Webster,,NA,NA,6/9/2020,NA,NA,NHLAK700030304-08,Alert
Silver.Hollis,Silver Lake,Hollis,,"Microcystis, Woronichinia","327,500",6/9/2020,6/19/2020,10,NHLAK700061001-02-01,Warning
Mascoma.Enfield,Mascoma Lake,Enfield/Lebanon,,NA,NA,6/9/2020,NA,NA,NHLAK801060105-04-01,Alert
Phillips.Sandown,Phillips Pond,Sandown,,NA,NA,6/10/2020,NA,NA,NHLAK600030802-03-01,Alert
Locke.Barnstead,Locke Lake,Barnstead,,NA,NA,6/12/2020,NA,NA,NHIMP700060402-02,Alert
Baboosic.Amherst,Baboosic Lake,Amherst,,"Anabaena/Dolichospermum, Woronichinia, Oscillatoria","516,000",6/17/2020,6/19/2020,2,NHLAK700060905-01-01,Warning
Lees.Moultonboro,Lees Pond,Moultonborough,,NA,NA,6/18/2020,NA,NA,NHLAK700020103-05,Alert
Goose.Canaan,Goose Pond,"Canaan, Hanover",,NA,NA,6/18/2020,NA,NA,NHLAK801060103-01,Alert
Winona.NewHampton,"Winona, Lake",New Hampton,,Anabaena/Dolichospermum,"365,000",6/19/2020,6/24/2020,5,NHLAK700020108-02-02,Warning
Chestnut.Epsom,Chestnut Pond,Epsom,,NA,NA,6/23/2020,NA,NA,NHLAK700060502-03,Alert
Greenwood.Kingston,Greenwood Pond,Kingston,,NA,NA,6/23/2020,NA,NA,NHLAK700061403-07,Alert
OtterBrook.Keene,Otter Brook Lake,Keene,,NA,NA,6/23/2020,NA,NA,NHLAK802010201-06-01,Alert
Russell.Harrisville,Russell Reservoir,Harrisville,,NA,NA,6/26/2020,NA,NA,NHLAK802010202-07,Alert
Paugus.Laconia,Paugus Bay,Laconia,,NA,NA,6/28/2020,NA,NA,NHLAK700020110-02-01,Alert
Silver.Hollis,Silver Lake,Hollis,,"Microcystis, Woronichinia, Dolichospermum",">70,000",6/29/2020,8/20/2020,52,NHLAK700061001-02-01,Warning
Tucker.Salisbury,Tucker Pond,Sailsbury,,NA,NA,7/1/2020,NA,NA,NHLAK700030304-07,Alert
Winni.Gil2,"Winnipesaukee, Lake","Gilford, Laconia, Alton",,Photo (Welch Island),NA,7/2/2020,NA,NA,NHLAK700020110-02-19-4,Alert
Marsh.Alton,Marsh Pond,"New Durham, Alton",,"Planktothrix, Aphanocapsa, Pseudoanabaena","351,050",7/10/2020,9/14/2020,66,NHIMP700020102-01-02,Warning
Tucker.Salisbury,Tucker Pond,Salisbury,,Woronichinia,"360,000",7/10/2020,11/19/2020,132,NHLAK700030304-07,Warning
Merrymeeting.Alton,Merrymeeting River,Alton,,NA,NA,7/16/2020,NA,NA,NHIMP700020102-02,Alert
Long.Henniker,Long Pond,Henniker,,Planktothrix,"2,000,000",7/16/2020,9/1/2020,47,NHLAK700030502-01,Warning
Keyser.Henniker,Keyser Pond,Henniker,,"Chrysosporum, Dolichospermum, Planktothrix, Spirulina","89,000",7/16/2020,9/15/2020,61,NHLAK700030504-03,Warning
Forest.Dalton,Forest Lake,"Whitefield, Dalton",,"Anabaena/Dolichospermum, Microcystis, Aphanizomenon","1,000,000",7/20/2020,7/30/2020,10,NHLAK801030101-02-01,Warning
JonesDam.NewDurham,Jones Dam Pond,New Durham,,Planktothrix,"300,000",7/30/2020,9/14/2020,46,NHIMP700020102-01-01,Warning
Cobbetts.Windham,Cobbetts Pond,Windham,,Dolichospermum (D. lemmermannii),"225,000",7/30/2020,8/5/2020,6,NHLAK700061204-01-01,Warning
Pleasant.Francestown,Pleasant Pond,Francestown,,NA,NA,8/3/2020,NA,NA,NHLAK700060604-01,Alert
Haunted.Francestown,Haunted Lake,Francestown,,NA,NA,8/3/2020,NA,NA,NHLAK700060605-04-01,Alert
Lily.Sandown,Lily Pond,Sandown,,NA,NA,8/5/2020,NA,NA,NHLAK600030802-02,Alert
Winona.NewHampton,"Winona, Lake",New Hampton,,NA,NA,8/9/2020,NA,NA,NHLAK700020108-02-02,Alert
Kanasatka.Moultonboro,"Kanasatka, Lake",Moultonborough,,Anabaena/Dolichospermum,"78,750",8/12/2020,8/26/2020,14,NHLAK700020105-02,Warning
Norway.Hancock,Norway Pond,Hancock,,NA,NA,8/17/2020,NA,NA,NHLAK700030107-02-01,Alert
Long.Pelham,Long Pond,Pelham,,"Anabaena/Dolichospermum, Microcystis","137,000",8/17/2020,9/23/2020,37,NHLAK700061205-02-01,Warning
PineRiver.Wakefield,Pine River Pond,Wakefield,,NA,NA,8/18/2020,NA,NA,NHLAK600020703-03,Alert
MiddleDan.Freedom,Middle Danforth Pond,Freedom,,Planktothrix,"2,500,000",8/18/2020,9/11/2020,24,NHLAK600020803-01-02,Warning
Partridge.Littleton,Partridge Lake,Littleton,,"Anabaena/Dolichospermum, Microcystis","100,000",8/18/2020,9/4/2020,17,NHLAK801030502-03,Warning
WhiteOak.Holderness,White Oak Pond,Holderness,,Microcystis wesenbergii,"173,000",9/4/2020,9/23/2020,19,NHLAK700010501-05,Warning
Partridge.Littleton,Partridge Lake,Littleton,,NA,NA,9/4/2020,NA,NA,NHLAK801030502-03,Alert
Kanasatka.Moultonboro,"Kanasatka, Lake",Moultonborough,,NA,NA,9/9/2020,NA,NA,NHLAK700020105-02,Alert
Harvey.Northwood,Harvey Lake,Northwood,,Chrysosporum,"375,000",9/9/2020,11/6/2020,58,NHLAK700060502-05,Warning
Tarleton.Piermont,"Tarleton, Lake",Piermont,,NA,NA,9/9/2020,NA,NA,NHLAK801040201-03,Alert
Spofford.Chesterfield,Spofford Lake,Chesterfield,,"Scytonema, Stigonema, Tolypothrix, Lyngbya",benthic mats; too numerous to count (TNTC),9/10/2020,10/7/2020,27,NHLAK801070503-01-01,Warning
Russell.Harrisville,Russell Reservoir,Harrisville,,NA,NA,9/17/2020,NA,NA,NHLAK802010202-07,Alert
Partridge.Littleton,Partridge Lake,Littleton,,NA,NA,9/21/2020,NA,NA,NHLAK801030502-03,Alert
Kanasatka.Moultonboro,"Kanasatka, Lake",Moultonborough,,"Microcystis, Aphanizomenon, Woronichinia, Dolichospermum (D. spiralis, D. lemmermannii, D. circinalis, D. planctonicum)","393,500",9/29/2020,10/9/2020,10,NHLAK700020105-02,Warning
WhiteOak.Holderness,White Oak Pond,Holderness,,NA,NA,10/5/2020,NA,NA,NHLAK700010501-05,Alert
Spofford.Chesterfield,Spofford Lake,Chesterfield,,NA,NA,10/7/2020,NA,NA,NHLAK801070503-01-01,Alert
Robinson.Hudson,Robinson Pond,Hudson,,"Woronichinia, Microcystis, Dolichospermum","1,167,000",10/14/2020,10/22/2020,8,NHLAK700061203-06-01,Warning
Millen.Washington,Millen Pond,Washington,,Nostoc,NA,10/14/2020,NA,NA,NHLAK802010101-06-01,Alert
Webster.Franklin,Webster Lake,Franklin,,NA,NA,10/21/2020,NA,NA,NHLAK700010804-02-01,Alert
Nippo.Barrington,Nippo Pond,Barrington,,NA,NA,10/23/2020,NA,NA,NHLAK600030605-01,Alert
Swains.Barrington,Swains Lake,Barrington,,NA,NA,11/10/2020,NA,NA,NHLAK600030903-03,Alert
WhiteOak.Holderness,White Oak Pond,Holderness,,NA,NA,11/10/2020,NA,NA,NHLAK700010501-05,Alert
Saltmarsh.Gilford,Saltmarsh Pond,Gilford,,NA,NA,11/10/2020,NA,NA,NHLAK700020110-05,Alert
Nubanusit.Nelson,Nubanusit lake,Nelson,,NA,NA,11/10/2020,NA,NA,NHLAK700030103-07,Alert
Clough.Loudon,Clough Pond,Loudon,,NA,NA,11/10/2020,NA,NA,NHLAK700060202-03-01,Alert
Partridge.Littleton,Partridge Lake,Littleton,,NA,NA,12/13/2020,NA,NA,NHLAK801030502-03,Alert
Winni.CenterHarbor,"Winnipesaukee, Lake","Center Harbor, Meredith, Moultonborough",,Benthic,NA,5/28/2021,NA,NA,NHLAK700020110-02-19-6,Alert
Island.Stoddard,Island Pond,Stoddard,,NA,NA,5/28/2021,NA,NA,NHLAK700030202-02-01,Alert
Robinson.Hudson,Robinson Pond,Hudson,,"Dolichospermum, Woronichinia, Microcystis","780,000",6/1/2021,6/8/2021,7,NHLAK700061203-06-01,Warning
Berry.Freedom,Berry Bay,Freedom,,NA,NA,6/2/2021,NA,NA,NHLAK600020804-01-01,Alert
Province.Effingham,Province Lake,Effingham/Wakefield,,NA,NA,6/2/2021,NA,NA,NHLAK600020902-01,Alert
Swains.Barrington,Swains Lake,Barrington,,"Dolichospermum, Woronichinia","1,050,000",6/2/2021,6/11/2021,9,NHLAK600030903-03,Warning
Webster.Franklin,Webster Lake,Franklin,,Dolichospermum,"145,000",6/2/2021,6/7/2021,5,NHLAK700010804-02-01,Warning
Highland.Stoddard,Highland Lake,Stoddard,,NA,NA,6/2/2021,NA,NA,NHLAK700030201-03,Alert
Island.Stoddard,Island Pond,Stoddard,,NA,NA,6/2/2021,NA,NA,NHLAK700030202-02-01,Alert
Tucker.Salisbury,Tucker Pond,Salisbury,,NA,NA,6/2/2021,NA,NA,NHLAK700030304-07,Alert
Bow.Strafford,Bow Lake,Strafford,,Dolichospermum,">70,000",6/4/2021,6/10/2021,6,NHLAK600030604-01-01,Warning
Clough.Loudon,Clough Pond,Loudon,,NA,NA,6/4/2021,NA,NA,NHLAK700060202-03-01,Alert
LowerSuncook.Barnstead,Lower Suncook Lake,Barnstead,,NA,NA,6/7/2021,NA,NA,NHLAK700060402-10-01,Alert
Elm.Hopkinton,Elm Brook,Hopkinton,,"Dolichospermum, Woronichinia","315,000",6/8/2021,6/11/2021,3,NHIMP700030503-01-01,Warning
Tuxbury.SouthHampton,Tuxbury Pond,South Hampton,,NA,NA,6/17/2021,NA,NA,NHLAK700061403-10,Alert
Spofford.Chesterfield,Spofford Lake,Chesterfield,,NA,NA,6/29/2021,NA,NA,NHLAK801070503-01-01,Alert
Silver.Hollis,Silver Lake,Hollis,,"Microcystis, Dolichospermum","1,250,000",7/4/2021,8/18/2021,45,NHLAK700061001-02-01,Warning
Swains.Barrington,Swains Lake,Barrington,,NA,NA,7/15/2021,NA,NA,NHLAK600030903-03,Alert
Tucker.Salisbury,Tucker Pond,Salisbury,,Woronichinia,"2,670,000",7/15/2021,9/10/2021,57,NHLAK700030304-07,Warning
Country.Kingston,Country Pond,"Kingston, Newton",,"Microcystis, Dolichospermum lemmermannii, D. circinalis, D. planctonicum, Woronichinia","1,950,000",7/15/2021,7/20/2021,5,NHLAK700061403-03-01,Warning
Greenwood.Kingston,Greenwood Pond,Kingston,,Planktothrix mats,benthic mats; too numerous to count (TNTC),7/15/2021,7/20/2021,5,NHLAK700061403-07,Warning
Kanasatka.Moultonboro,"Kanasatka, Lake",Moultonborough,,NA,NA,7/16/2021,NA,NA,NHLAK700020105-02,Alert
Marsh.Alton,Marsh Pond,"New Durham, Alton",,Planktothrix,"85,000",7/21/2021,9/20/2021,61,NHIMP700020102-01-02,Warning
MiddleDan.Freedom,Middle Danforth Pond,Freedom,,NA,NA,7/21/2021,NA,NA,NHLAK600020803-01-02,Alert
Wash.Hampstead,Wash Pond/Sunset Lake,Hampstead,,Benthic,NA,7/21/2021,NA,NA,NHLAK700061101-03-01,Alert
Governors.Raymond,Governors Lake,Raymond,,"Microcystis, Woronichinia, Dolichospermum","2,600,000",7/22/2021,8/3/2021,12,NHLAK600030703-01,Warning
Kanasatka.Moultonboro,"Kanasatka, Lake",Moultonborough,,NA,NA,7/24/2021,NA,NA,NHLAK700020105-02,Alert
Bow.Strafford,Bow Lake,Strafford,,NA,NA,8/3/2021,NA,NA,NHLAK600030604-01-01,Alert
Kanasatka.Moultonboro,"Kanasatka, Lake",Moultonborough,,Dolichospermum,"750,000",8/3/2021,8/18/2021,15,NHLAK700020105-02,Warning
Robinson.Hudson,Robinson Pond,Hudson,,"Dolichospermum, Woronichinia, Aphanizomenon","849,500",8/3/2021,8/12/2021,9,NHLAK700061203-06-01,Warning
Locke.Barnstead,Locke Lake,Barnstead,,"Microcystis, Dolichospermum","340,000",8/4/2021,9/8/2021,35,NHIMP700060402-02,Warning
Northwood.Northwood,Northwood Lake,Northwood,,NA,NA,8/4/2021,NA,NA,NHLAK700060502-08-01,Alert
Harvey.Northwood,Harvey Lake,Northwood,,"Microcystis, Woronichinia, Dolichospermum","2,230,000",8/9/2021,9/3/2021,25,NHLAK700060502-05,Warning
PineRiver.Wakefield,Pine River Pond,Wakefield ,,Benthic,NA,8/10/2021,NA,NA,NHLAK600020703-03,Alert
MiddleDan.Freedom,Middle Danforth Pond,Freedom,,NA,NA,8/10/2021,NA,NA,NHLAK600020803-01-02,Alert
Governors.Raymond,Governors Lake,Raymond,,NA,NA,8/10/2021,NA,NA,NHLAK600030703-01,Alert
Phillips.Sandown,Phillips Pond,Sandown,,NA,NA,8/10/2021,NA,NA,NHLAK600030802-03-01,Alert
Highland.Andover,Highland Lake,Andover,,Benthic,NA,8/10/2021,NA,NA,NHLAK700010804-01-01,Alert
French.Henniker,French Pond,Henniker,,NA,NA,8/10/2021,NA,NA,NHLAK700030504-02-01,Alert
Lily.Barnstead,Lily Pond,Barnstead,,Benthic,NA,8/10/2021,NA,NA,NHLAK700060501-04,Alert
Arlington.Salem,Arlington Mill Reservoir,Salem,,NA,NA,8/10/2021,NA,NA,NHLAK700061101-04,Alert
Forest.Dalton,Forest Lake,"Whitefield, Dalton",,NA,NA,8/10/2021,NA,NA,NHLAK801030101-02-01,Alert
Chalk.Newbury,Chalk Pond,Newbury,,Benthic,NA,8/10/2021,NA,NA,NHLAK801060402-03,Alert
Swanzey.Swanzey,Swanzey Lake,Swanzey,,NA,NA,8/10/2021,NA,NA,NHLAK802010302-01-01,Alert
Monomonac.Rindge,"Monomonac, Lake",Rindge,,NA,NA,8/10/2021,NA,NA,NHLAK802020103-06,Alert
Mirror.Tuftonboro,Mirror Lake,"Tuftonboro, Wolfeboro",,Dolichospermum,"115,000",8/12/2021,8/20/2021,8,NHLAK700020106-02-01,Warning
Eastman.Grantham,Eastman Pond,Grantham,,Dolichospermum,"205,000",8/13/2021,8/19/2021,6,NHLAK801060401-06,Warning
Elm.Hopkinton,Elm Brook,Hopkinton,,NA,NA,8/15/2021,NA,NA,NHIMP700030503-01-01,Alert
Phillips.Sandown,Phillips Pond,Sandown,,NA,NA,8/25/2021,NA,NA,NHLAK600030802-03-01,Alert
Waukeena.Danbury,"Waukeena, Lake",Danbury,,Benthic,NA,8/25/2021,NA,NA,NHLAK700010701-05,Alert
Wentworth.Wolfeboro,"Wentworth, Lake",Wolfeboro,,Gloeotrichia,NA,8/25/2021,NA,NA,NHLAK700020101-05-01,Alert
Mill.Alton,Mill Pond,Alton,,NA,NA,8/25/2021,NA,NA,NHLAK700020102-04,Alert
Kanasatka.Moultonboro,"Kanasatka, Lake",Moultonborough,,NA,NA,8/25/2021,NA,NA,NHLAK700020105-02,Alert
Winni.Gilford,"Winnipesaukee, Lake","Meredith, Laconia, Moultonborough, Gilford",,Gloeotrichia  (Governor's Island),NA,8/25/2021,NA,NA,NHLAK700020110-02-19-7,Alert
French.Henniker,French Pond,Henniker,,NA,NA,8/25/2021,NA,NA,NHLAK700030504-02-01,Alert
Halfmoon.Alton,Halfmoon Lake,"Alton, Barnstead",,NA,NA,8/25/2021,NA,NA,NHLAK700060402-03,Alert
Northwood.Northwood,Northwood Lake,Northwood,,NA,NA,8/25/2021,NA,NA,NHLAK700060502-08-01,Alert
Horace.Weare,Horace Lake,Weare,,NA,NA,8/25/2021,NA,NA,NHLAK700060601-05-01,Alert
Silver.Hollis,Silver Lake,Hollis,,NA,NA,8/25/2021,NA,NA,NHLAK700061001-02-01,Alert
Long.Pelham,Long Pond,Pelham,,"Microcystis, Dolichospermum planctonicum","3,600,000",8/25/2021,9/3/2021,9,NHLAK700061205-02-01,Warning
Angle.Sandown,Angle Pond,Sandown,,NA,NA,8/25/2021,NA,NA,NHLAK700061403-01-01,Alert
Country.Kingston,Country Pond,"Kingston, Newton",,NA,NA,8/25/2021,NA,NA,NHLAK700061403-03-01,Alert
Forest.Dalton,Forest Lake,"Whitefield, Dalton",,NA,NA,8/25/2021,NA,NA,NHLAK801030101-02-01,Alert
Mascoma.Enfield,Mascoma Lake,Enfield/Lebanon,,NA,NA,8/25/2021,NA,NA,NHLAK801060105-04-01,Alert
Sunapee.Sunapee,Sunapee Lake,Sunapee/NewLondon/Newbury,,Gloeotrichia,NA,8/25/2021,NA,NA,NHLAK801060402-05-01,Alert
MiddleDan.Freedom,Middle Danforth Pond,Freedom,,"Planktothrix, Dolichospermum lemmermannii",">70,000",8/26/2021,9/2/2021,7,NHLAK600020803-01-02,Warning
Ayers.Barrington,Ayers Pond,Barrington,,Woronichinia,"1,500,000",8/26/2021,9/3/2021,8,NHLAK600030607-01,Warning
Pleasant.Henniker,Pleasant Pond,Henniker,,Chrysosporum,"75,000",8/26/2021,12/7/2021,103,NHLAK700060601-03-01,Warning
Horace.Weare,Horace Lake,Weare,,"D. lemmermannii, D. planctonicum",">70,000",8/26/2021,9/2/2021,7,NHLAK700060601-05-01,Warning
Country.Kingston,Country Pond,"Kingston, Newton",,"Microcystis, Woronichinia, Dolichospermum","125,000",8/26/2021,9/2/2021,7,NHLAK700061403-03-01,Warning
Contoocook.Jaffrey,Contoocook Lake,Jaffrey,,NA,NA,8/30/2021,NA,NA,NHLAK700030101-03-01,Alert
BigIsland.Derry,Big Island Pond,Derry,,NA,NA,9/1/2021,NA,NA,NHLAK700061101-01-01,Alert
MiddleDan.Freedom,Middle Danforth Pond,Freedom,,NA,NA,9/7/2021,NA,NA,NHLAK600020803-01-02,Alert
Ayers.Barrington,Ayers Pond,Barrington,,NA,NA,9/7/2021,NA,NA,NHLAK600030607-01,Alert
Harvey.Northwood,Harvey Lake,Northwood,,NA,NA,9/7/2021,NA,NA,NHLAK700060502-05,Alert
Northwood.Northwood,Northwood Lake,Northwood,,NA,NA,9/7/2021,NA,NA,NHLAK700060502-08-01,Alert
Long.Pelham,Long Pond,Pelham,,NA,NA,9/7/2021,NA,NA,NHLAK700061205-02-01,Alert
Country.Kingston,Country Pond,"Kingston, Newton",,NA,NA,9/7/2021,NA,NA,NHLAK700061403-03-01,Alert
Harvey.Northwood,Harvey Lake,Northwood,,"Microcystis, Woronichinia",">70,000",9/8/2021,10/25/2021,47,NHLAK700060502-05,Warning
Partridge.Littleton,Partridge Lake,Littleton,,NA,NA,9/9/2021,NA,NA,NHLAK801030502-03,Alert
Great.Kingston,Great Pond,Kingston,,"Microcystis, Dolichospermum","7,500,000",9/10/2021,10/14/2021,34,NHLAK700061403-06-01,Warning
Kanasatka.Moultonboro,"Kanasatka, Lake",Moultonborough,,"Dolichospermum lemmermannii, Dolichospermum planctonicum, Dolichospermum circinale","502,000",9/13/2021,9/20/2021,7,NHLAK700020105-02,Warning
Silver.Hollis,Silver Lake,Hollis,,"Microcystis, Woronichinia, Dolichospermum lemmermannii","1,525,000",9/13/2021,11/3/2021,51,NHLAK700061001-02-01,Warning
Swains.Barrington,Swains Lake,Barrington,,NA,NA,9/14/2021,NA,NA,NHLAK600030903-03,Alert
Winni.Tuftonboro,"Winnipesaukee, Lake","Tuftonborough, Moultonborough",,Benthic,NA,9/14/2021,NA,NA,NHLAK700020110-02-19-1,Alert
Contoocook.Jaffrey,Contoocook Lake,Jaffrey,,NA,NA,9/14/2021,NA,NA,NHLAK700030101-03-01,Alert
Arlington.Salem,Arlington Mill Reservoir,Salem,,NA,NA,9/14/2021,NA,NA,NHLAK700061101-04,Alert
Spofford.Chesterfield,Spofford Lake,Chesterfield,,NA,NA,9/14/2021,NA,NA,NHLAK801070503-01-01,Alert
Northwood.Northwood,Northwood Lake,Northwood,,Microcystis,"170,000",9/15/2021,10/25/2021,40,NHLAK700060502-08-01,Warning
Monomonac.Rindge,"Monomonac, Lake",Rindge,,NA,NA,9/20/2021,NA,NA,NHLAK802020103-06,Alert
Phillips.Sandown,Phillips Pond,Sandown,,"Woronichinia, Microcystis, Dolichospermum","340,000",9/22/2021,11/3/2021,42,NHLAK600030802-03-01,Warning
Country.Kingston,Country Pond,"Kingston, Newton",,"Microcystis, Woronichinia","8,500,000",9/22/2021,11/3/2021,42,NHLAK700061403-03-01,Warning
Arlington.Salem,Arlington Mill Reservoir,Salem,,"Microcystis, Woronichinia, Dolichospermum lemmermannii","1,075,000",9/23/2021,11/3/2021,41,NHLAK700061101-04,Warning
Ayers.Barrington,Ayers Pond,Barrington,,NA,NA,10/5/2021,NA,NA,NHLAK600030607-01,Alert
Province.Effingham,Province Lake,Effingham/Wakefield,,NA,NA,10/7/2021,NA,NA,NHLAK600020902-01,Alert
Sunrise.Middleton,Sunrise Lake,Middleton,,NA,NA,10/7/2021,NA,NA,NHLAK600030601-05-01,Alert
Swains.Barrington,Swains Lake,Barrington,,NA,NA,10/7/2021,NA,NA,NHLAK600030903-03,Alert
French.Henniker,French Pond,Henniker,,NA,NA,10/7/2021,NA,NA,NHLAK700030504-02-01,Alert
LowerSuncook.Barnstead,Lower Suncook Lake,Barnstead,,NA,NA,10/7/2021,NA,NA,NHLAK700060402-10-01,Alert
Millville.Salem,Millville Lake,Salem,,NA,NA,10/7/2021,NA,NA,NHLAK700061102-06-01,Alert
Wilson.Salem,Wilson Pond,Salem,,NA,NA,10/7/2021,NA,NA,NHLAK700061102-14,Alert
Beaver.Derry,Beaver Lake,Derry,,NA,NA,10/7/2021,NA,NA,NHLAK700061203-02-01,Alert
Long.Pelham,Long Pond,Pelham,,NA,NA,10/7/2021,NA,NA,NHLAK700061205-02-01,Alert
Partridge.Littleton,Partridge Lake,Littleton,,NA,NA,10/7/2021,NA,NA,NHLAK801030502-03,Alert
Warren.Alstead,"Warren, Lake",Alstead,,NA,NA,10/7/2021,NA,NA,NHLAK801070203-01,Alert
Millen.Washington,Millen Pond,Washington,,Nostoc,NA,10/7/2021,NA,NA,NHLAK802010101-06-01,Alert
French.Henniker,French Pond,Henniker,,"Woronichinia, Microcystis, Dolichospermum","25,275,000",10/8/2021,12/7/2021,60,NHLAK700030504-02-01,Warning
Tucker.Salisbury,Tucker Pond,Salisbury,,NA,NA,10/13/2021,NA,NA,NHLAK700030304-07,Alert
Gorham.Dunbarton,Gorham Pond,Dunbarton,,"Microcystis, Woronichinia, Dolichospermum lemmermannii, Dolichospermum planctonicum","8,010,000",10/14/2021,10/25/2021,11,NHLAK700060603-01,Warning
Horace.Weare,Horace Lake,Weare,,NA,NA,10/28/2021,NA,NA,NHLAK700060601-05-01,Alert
PineRiver.Wakefield,Pine River Pond,Wakefield ,,NA,NA,11/8/2021,NA,NA,NHLAK600020703-03,Alert
MiddleDan.Freedom,Middle Danforth Pond,Freedom,,NA,NA,11/8/2021,NA,NA,NHLAK600020803-01-02,Alert
Broad.Ossipee,Broad Bay,Ossipee,,NA,NA,11/8/2021,NA,NA,NHLAK600020804-01-03,Alert
Province.Effingham,Province Lake,Effingham/Wakefield,,NA,NA,11/8/2021,NA,NA,NHLAK600020902-01,Alert
Phillips.Sandown,Phillips Pond,Sandown,,NA,NA,11/8/2021,NA,NA,NHLAK600030802-03-01,Alert
Wheelwright.Lee,Wheelwright Pond,Lee,,NA,NA,11/8/2021,NA,NA,NHLAK600030902-02,Alert
Swains.Barrington,Swains Lake,Barrington,,NA,NA,11/8/2021,NA,NA,NHLAK600030903-03,Alert
Kanasatka.Moultonboro,"Kanasatka, Lake",Moultonborough,,NA,NA,11/8/2021,NA,NA,NHLAK700020105-02,Alert
Winni.Moultonboro,"Winnipesaukee, Lake","Moultonborough, Tuftonborough",,(Green's Basin),NA,11/8/2021,NA,NA,NHLAK700020110-02-19-8,Alert
Cobbetts.Windham,Cobbetts Pond,Windham,,NA,NA,11/8/2021,NA,NA,NHLAK700061204-01-01,Alert
WhiteOak.Holderness,White Oak Pond,Holderness,,NA,NA,11/22/2021,NA,NA,NHLAK700010501-05,Alert
Country.Kingston,Country Pond,"Kingston, Newton",,NA,NA,5/17/2022,NA,NA,NHLAK700061403-03-01,Alert
Swains.Barrington,Swains Lake,Barrington,,Photo,NA,5/20/2022,NA,NA,NHLAK600030903-03,Alert
Arlington.Salem,Arlington Mill Reservoir,Salem,,Dolichospermum,"300,000",5/20/2022,6/2/2022,13,NHLAK700061101-04,Warning
Swains.Barrington,Swains Lake,Barrington,,NA,NA,5/23/2022,NA,NA,NHLAK600030903-03,Alert
Country.Kingston,Country Pond,"Kingston, Newton",,NA,NA,5/23/2022,NA,NA,NHLAK700061403-03-01,Alert
Bow.Strafford,Bow Lake,Strafford,,"Dolichospermum, Microcystis","3,120,000",5/31/2022,6/7/2022,7,NHLAK600030604-01-01,Warning
Island.Stoddard,Island Pond,Stoddard,,Dolichospermum,"302,000",5/31/2022,6/10/2022,10,NHLAK700030202-02-01,Warning
Goose.Canaan,Goose Pond,"Canaan, Hanover",,Dolichospermum,"1,698,000",6/3/2022,6/8/2022,5,NHLAK801060103-01,Warning
Mascoma.Enfield,Mascoma Lake,Enfield/Lebanon,,Dolichospermum,"1,279,400",6/3/2022,6/10/2022,7,NHLAK801060105-04-01,Warning
Ayers.Barrington,Ayers Pond,Barrington,,Dolichospermum,"158,200",6/7/2022,6/14/2022,7,NHLAK600030607-01,Warning
Silver.Hollis,Silver Lake,Hollis,,NA,NA,6/8/2022,NA,NA,NHLAK700061001-02-01,Alert
Robinson.Hudson,Robinson Pond,Hudson,,"Dolichospermum, Woronichinia","356,933",6/13/2022,6/20/2022,7,NHLAK700061203-06-01,Warning
Northeast.Milton,Northeast Pond,Milton,,NA,NA,6/16/2022,NA,NA,NHLAK600030404-02,Alert
Silver.Hollis,Silver Lake,Hollis,,Microcystis ,"200,000",6/21/2022,7/28/2022,37,NHLAK700061001-02-01,Warning
Keyser.Henniker,Keyser Pond,Henniker,,NA,NA,6/22/2022,NA,NA,NHLAK700030504-03,Alert
Opechee.Laconia,Opechee Lake,Laconia,,Photo,NA,6/23/2022,NA,NA,NHLAK700020201-06-01,Alert
Bearcamp.Sandwich,Bearcamp Pond,Sandwich,,Photo,NA,6/24/2022,NA,NA,NHLAK600020601-01-01,Alert
Swains.Barrington,Swains Lake,Barrington,,Photo,NA,6/24/2022,NA,NA,NHLAK600030903-03,Alert
Pleasant.NewLondon,Pleasant Lake,New London,,NA,NA,6/24/2022,NA,NA,NHLAK700030402-02-01,Alert
Winnisquam.Laconia,"Winnisquam, Lake",Laconia,,NA,NA,6/27/2022,NA,NA,NHLAK700020201-05-01,Alert
Opechee.Laconia,Opechee Lake,Laconia,,Dolichospermum,"76,133",6/27/2022,7/1/2022,4,NHLAK700020201-06-01,Warning
Granite.Nelson,Granite Lake,Nelson,,NA,NA,6/28/2022,NA,NA,NHLAK802010201-05,Alert
Winni.Wolfeboro,"Winnipesaukee, Lake","Wolfeboro, Tuftonborough, Alton",,Dolichospermum (Jockey Cove),"414,667",6/29/2022,7/1/2022,2,NHLAK700020110-02-19-3,Warning
Winni.Gil2,"Winnipesaukee, Lake","Gilford, Laconia, Alton",,Dolichospermum (Ellacoya State Park),"199,733",6/29/2022,7/1/2022,2,NHLAK700020110-02-19-4,Warning
Stinson.Rumney,Stinson Lake,Rumney,,Dolichospermum,"106,267",7/1/2022,7/7/2022,6,NHLAK700010306-01,Warning
Greenwood.Kingston,Greenwood Pond,Kingston ,,NA,NA,7/1/2022,NA,NA,NHLAK700061403-07,Alert
Keyser.Henniker,Keyser Pond,Henniker,,Chrysosporum,"93,900",7/6/2022,8/9/2022,34,NHLAK700030504-03,Warning
Sand.Marlow,Sand Pond,Marlow/Lempster,,NA,NA,7/6/2022,NA,NA,NHLAK802010101-08,Alert
Captains.Salem,Captains Pond,Salem,,NA,NA,7/7/2022,NA,NA,NHLAK700061102-03-01,Alert
Winnisquam.Laconia,"Winnisquam, Lake",Laconia,,NA,NA,7/20/2022,NA,NA,NHLAK700020201-05-01,Alert
Sebbins.Bedford,Sebbins Pond,Bedford,,"Dolichospermum, Microcystis","816,000",7/20/2022,9/27/2022,69,NHLAK700060804-02,Warning
Spofford.Chesterfield,Spofford Lake,Chesterfield,,Benthic,NA,7/20/2022,NA,NA,NHLAK801070503-01-01,Alert
Forest.Winchester,Forest Lake,Winchester,,Planktothrix,"338,200",7/22/2022,8/25/2022,34,NHLAK802010401-01-01,Warning
JonesDam.NewDurham,Jones Dam Pond,New Durham,,Planktothrix,"177,500",7/26/2022,8/2/2022,7,NHIMP700020102-01-01,Warning
Greenwood.Kingston,Greenwood Pond,Kingston,,Planktothrix,"782,400",7/27/2022,8/4/2022,8,NHLAK700061403-07,Warning
Kanasatka.Moultonboro,"Kanasatka, Lake",Moultonborough,,Dolichospermum,"109,267",7/29/2022,8/11/2022,13,NHLAK700020105-02,Warning
Showell.Sandown,Showell Pond,Sandown,,"Chrysosporum, Planktothrix, Spirulina, Phormidium ","148080, TNTC",8/2/2022,9/27/2022,56,NHLAK600030802-04,Warning
Forest.Dalton,Forest Lake,"Whitefield, Dalton",,NA,NA,8/2/2022,NA,NA,NHLAK801030101-02-01,Alert
Baboosic.Amherst,Baboosic Lake,Amherst,,"Planktothrix, Dolichospermum, Microcystis, Chrysosporum ","340,200",8/4/2022,8/10/2022,6,NHLAK700060905-01-01,Warning
Gould.Hillsboro,Gould Pond,Hillsborough,,NA,NA,8/5/2022,NA,NA,NHLAK700030501-01,Alert
Long.Pelham,Long Pond,Pelham,,Photo,NA,8/5/2022,NA,NA,NHLAK700061205-02-01,Alert
Silver.Hollis,Silver Lake,Hollis,,"Woronichinia, Microcystis, Planktothrix ","329,000",8/8/2022,11/16/2022,100,NHLAK700061001-02-01,Warning
Long.Pelham,Long Pond,Pelham,,"Dolichospermum, Chrysosporum, Microcystis ","73,000",8/8/2022,8/16/2022,8,NHLAK700061205-02-01,Warning
Clough.Loudon,Clough Pond,Loudon,,Dolichospermum,"673,600",8/9/2022,8/15/2022,6,NHLAK700060202-03-01,Warning
Halfmoon.Kingston,Halfmoon Pond,Kingston,,Planktothrix,"244,000",8/9/2022,9/7/2022,29,NHLAK700061403-08,Warning
Halfmoon.Hancock,Halfmoon Pond,Hancock,,Planktothrix,"2,582,000",8/12/2022,8/18/2022,6,NHLAK700030103-04,Warning
Tucker.Salisbury,Tucker Pond,Salisbury,,"Woronichinia, Microcystis","3,440,000",8/12/2022,11/18/2022,98,NHLAK700030304-07,Warning
Elm.Hopkinton,Elm Brook,Hopkinton,,"Dolichospermum, Woronichinia, Planktothrix","87,599",8/15/2022,8/19/2022,4,NHIMP700030503-01-01,Warning
Pearly.Rindge,Pearly Lake,Rindge,,NA,NA,8/17/2022,NA,NA,NHLAK802020103-08,Alert
Harvey.Northwood,Harvey Lake,Northwood,,"Chrysosporum, Woronichinia","129,600",8/19/2022,10/11/2022,53,NHLAK700060502-05,Warning
Spofford.Chesterfield,Spofford Lake,Chesterfield,,NA,NA,8/19/2022,NA,NA,NHLAK801070503-01-01,Alert
Duncan.Ossipee,Duncan Lake,Ossipee,,NA,NA,8/22/2022,NA,NA,NHLAK600020703-01-01,Alert
Duncan.Ossipee,Duncan Lake,Ossipee,,Oscillatoria and Phormidium,too numerous to count (TNTC),8/23/2022,10/19/2022,57,NHLAK600020703-01-01,Warning
GreatEast.Wakefield,Great East Lake,Wakefield,,NA,NA,8/23/2022,NA,NA,NHLAK600030403-01,Alert
Long.Pelham,Long Pond,Pelham,,"Dolichospermum, Chrysosporum, Microcystis, Woronichinia ","565,600",8/23/2022,9/22/2022,30,NHLAK700061205-02-01,Warning
Baboosic.Amherst,Baboosic Lake,Amherst,,"Dolichospermum, Chrysosporum, Microcystis","86,400",8/24/2022,9/2/2022,9,NHLAK700060905-01-01,Warning
Kanasatka.Moultonboro,"Kanasatka, Lake",Moultonborough,,Dolichospermum,"1,375,600",8/29/2022,11/16/2022,79,NHLAK700020105-02,Warning
GreatEast.Wakefield,Great East Lake,Wakefield,,Gloeotrichia,NA,8/30/2022,NA,NA,NHLAK600030403-01,Alert
Wentworth.Wolfeboro,"Wentworth, Lake",Wolfeboro,,Gloeotrichia,NA,8/30/2022,NA,NA,NHLAK700020101-05-01,Alert
Winni.Gilford,"Winnipesaukee, Lake","Meredith, Laconia, Moultonborough, Gilford",,Photo - Gloeotrichia,NA,8/30/2022,NA,NA,NHLAK700020110-02-19-7,Alert
LittleIsland.Pelham,Little Island Pond,Pelham,,NA,NA,8/30/2022,NA,NA,NHLAK700061204-02,Alert
Province.Effingham,Province Lake,Effingham/Wakefield,,Photo,NA,9/2/2022,NA,NA,NHLAK600020902-01,Alert
Sunapee.Sunapee,Sunapee Lake,Sunapee/NewLondon/Newbury,,NA,NA,9/2/2022,NA,NA,NHLAK801060402-05-01,Alert
Province.Effingham,Province Lake,Effingham/Wakefield,,Dolichospermum,"876,000",9/7/2022,9/21/2022,14,NHLAK600020902-01,Warning
Ayers.Barrington,Ayers Pond,Barrington,,"Microcystis, Dolichospermum, Woronichinia ","1,835,200",9/7/2022,10/11/2022,34,NHLAK600030607-01,Warning
Winni.Tuftonboro,"Winnipesaukee, Lake","Tuftonborough, Moultonborough",,Benthic (NW of Spectacle Island),NA,9/8/2022,NA,NA,NHLAK700020110-02-19-1,Alert
Baboosic.Amherst,Baboosic Lake,Amherst,,"Microcystis, Dolichospermum, Chrysosporum","93,400; too numerous to count (TNTC)   ",9/8/2022,11/30/2022,83,NHLAK700060905-01-01,Warning
LittleIsland.Pelham,Little Island Pond,Pelham,,"Microcystis, Dolichospermum","435,800",9/8/2022,9/22/2022,14,NHLAK700061204-02,Warning
Forest.Winchester,Forest Lake,Winchester,,Photo,NA,9/8/2022,NA,NA,NHLAK802010401-01-01,Alert
Northwood.Northwood,Northwood Lake,Northwood,,"Microcystis, Dolichospermum","289,000",9/12/2022,9/20/2022,8,NHLAK700060502-08-01,Warning
Angle.Sandown,Angle Pond,Sandown,,Dolichospermum,"138,200",9/12/2022,9/19/2022,7,NHLAK700061403-01-01,Warning
Winni.Gilford,"Winnipesaukee, Lake","Meredith, Laconia, Moultonborough, Gilford",,"Gloeotrichia, Dolichospermum (Bear, Pine, and Threemile Islands)","116,600",9/13/2022,9/21/2022,8,NHLAK700020110-02-19-7,Warning
Jackman.Hillsboro,Jackman Reservoir/Franklin Pierce Lake,Hillsborough,,Photo,NA,9/13/2022,NA,NA,NHLAK700030202-03-01,Alert
Pool.Rindge,Pool Pond,Rindge,,NA,NA,9/14/2022,NA,NA,NHLAK700030101-12,Alert
Captains.Salem,Captains Pond,Salem,,Dolichospermum,"76,000",9/14/2022,9/29/2022,15,NHLAK700061102-03-01,Warning
Winni.CenterHarbor,"Winnipesaukee, Lake","Center Harbor, Meredith, Moultonborough",,Microcysytis (Salmon Meadow Cove),NA,9/19/2022,NA,NA,NHLAK700020110-02-19-6,Alert
Robinson.Hudson,Robinson Pond,Hudson,,"Chrysosporum, Aphanizomenon, Dolichospermum ","140,900",9/20/2022,11/8/2022,49,NHLAK700061203-06-01,Warning
Warren.Alstead,"Warren, Lake",Alstead,,NA,NA,9/22/2022,NA,NA,NHLAK801070203-01,Alert
Merrymeeting.Alton,Merrymeeting River,Alton,,NA,NA,9/27/2022,NA,NA,NHIMP700020102-02,Alert
Sebbins.Bedford,Sebbins Pond,Bedford,,Benthic,NA,9/27/2022,NA,NA,NHLAK700060804-02,Alert
Province.Effingham,Province Lake,Effingham/Wakefield,,Photo,NA,10/3/2022,NA,NA,NHLAK600020902-01,Alert
Province.Effingham,Province Lake,Effingham/Wakefield,,Dolichospermum ,"836,000",10/6/2022,10/19/2022,13,NHLAK600020902-01,Warning
Adder.Andover,Adder Pond/Hopkins Pond,Andover,,Chrysosporum ,"3,100,000",10/6/2022,11/18/2022,43,NHLAK700030403-01,Warning
Millville.Salem,Millville Lake,Salem,,NA,NA,10/6/2022,NA,NA,NHLAK700061102-06-01,Alert
Showell.Sandown,Showell Pond,Sandown,,NA,NA,10/7/2022,NA,NA,NHLAK600030802-04,Alert
WhiteOak.Holderness,White Oak Pond,Holderness,,"Microcystis, Dolichospermum","331,800",10/7/2022,11/8/2022,32,NHLAK700010501-05,Warning
Winni.CenterHarbor,"Winnipesaukee, Lake","Center Harbor, Meredith, Moultonborough",,Dolichospermum (Ash Cove),NA,10/7/2022,NA,NA,NHLAK700020110-02-19-6,Alert
LittleIsland.Pelham,Little Island Pond,Pelham,,Photo,NA,10/7/2022,NA,NA,NHLAK700061204-02,Alert
Warren.Alstead,"Warren, Lake",Alstead,,"Dolichospermum, Microcystis","2,610,000",10/14/2022,11/15/2022,32,NHLAK801070203-01,Warning
Baxter.Farmington,Baxter Lake,Farmington,,Photo,NA,10/25/2022,NA,NA,NHLAK600030602-01,Alert
Pawtuckaway.Nottingham,Pawtuckaway Lake,Nottingham,,Photo,NA,10/25/2022,NA,NA,NHLAK600030704-02-01,Alert
Norway.Hancock,Norway Pond,Hancock,,Photo,NA,10/25/2022,NA,NA,NHLAK700030107-02-01,Alert
Gregg.Antrim,Gregg Lake,Antrim,,Photo,NA,10/25/2022,NA,NA,NHLAK700030108-02-01,Alert
Northwood.Northwood,Northwood Lake,Nowrthwood,,Photo,NA,10/25/2022,NA,NA,NHLAK700060502-08-01,Alert
Partridge.Littleton,Partridge Lake,Littleton,,Photo,NA,10/25/2022,NA,NA,NHLAK801030502-03,Alert
Monomonac.Rindge,"Monomonac, Lake",Rindge,,Photo,NA,10/25/2022,NA,NA,NHLAK802020103-06,Alert
Spofford.Chesterfield,Spofford Lake,Chesterfield,,Photo,NA,10/26/2022,NA,NA,NHLAK801070503-01-01,Alert
Long.Lempster,Long Pond,Lempster,,NA,NA,11/8/2022,NA,NA,NHLAK802010101-04,Alert
Rocky.Hollis,Rocky Pond,Hollis,,NA,NA,11/9/2022,NA,NA,NHLAK700040401-03,Alert
Jackman.Hillsboro,Jackman Reservoir/Franklin Pierce Lake,Hillsborough,,NA,NA,11/10/2022,NA,NA,NHLAK700030202-03-01,Alert
Nippo.Barrington,Nippo Pond,Barrington,,NA,NA,11/18/2022,NA,NA,NHLAK600030605-01,Alert
Arlington.Salem,Arlington Mill Reservoir,Salem,,"Dolichospermum, Microcystis","422,200",5/16/2023,6/6/2023,21,NHLAK700061101-04,Warning
Country.Kingston,Country Pond,"Kingston, Newton",,Dolichospermum,"131,200",5/23/2023,6/6/2023,14,NHLAK700061403-03-01,Warning
Swains.Barrington,Swains Lake,Barrington,,Dolichospermum,"797,000",5/24/2023,6/7/2023,14,NHLAK600030903-03,Warning
Angle.Sandown,Angle Pond,Sandown,,"Dolichospermum, Woronichinia ","442,000",5/24/2023,6/7/2023,14,NHLAK700061403-01-01,Warning
Northwood.Northwood,Northwood Lake,Northwood,,Dolichospermum,"109,000",5/26/2023,6/7/2023,12,NHLAK700060502-08-01,Warning
Warren.Alstead,"Warren, Lake",Alstead ,,Dolichospermum,"676,000",5/30/2023,6/6/2023,7,NHLAK801070203-01,Warning
Province.Effingham,Province Lake,Effingham/Wakefield,,Photo,NA,5/31/2023,6/1/2023,1,NHLAK600020902-01,Alert
Monomonac.Rindge,"Monomonac, Lake",Rindge,,Photo,NA,5/31/2023,6/1/2023,1,NHLAK802020103-06,Alert
Province.Effingham,Province Lake,Effingham/Wakefield,,Dolichospermum,"504,000",6/1/2023,6/8/2023,7,NHLAK600020902-01,Warning
Sunrise.Middleton,Sunrise Lake,Middleton,,Dolichospermum,"43,800",6/1/2023,6/7/2023,6,NHLAK600030601-05-01,Warning
Bow.Strafford,Bow Lake,Strafford,,"Dolichospermum, Woronichinia ","963,000",6/1/2023,6/15/2023,14,NHLAK600030604-01-01,Warning
Kanasatka.Moultonboro,"Kanasatka, Lake",Moultonborough,,Photo,NA,6/1/2023,6/2/2023,1,NHLAK700020105-02,Alert
Monomonac.Rindge,"Monomonac, Lake",Rindge,,Dolichospermum,"3,095,000",6/1/2023,6/8/2023,7,NHLAK802020103-06,Warning
PineRiver.Wakefield,Pine River Pond,Wakefield,,"Dolichospermum, Microcystis","321,000",6/2/2023,6/15/2023,13,NHLAK600020703-03,Warning
Webster.Franklin,Webster Lake,Franklin,,Dolichospermum,"396,000",6/2/2023,6/15/2023,13,NHLAK700010804-02-01,Warning
Kanasatka.Moultonboro,"Kanasatka, Lake",Moultonborough,,Dolichospermum,"362,000",6/2/2023,6/16/2023,14,NHLAK700020105-02,Warning
Island.Stoddard,Island Pond,Stoddard,,Photo,NA,6/2/2023,6/9/2023,7,NHLAK700030202-02-01,Alert
Mascoma.Enfield,Mascoma Lake,Enfield/Lebanon,,Photo,NA,6/9/2023,6/16/2023,7,NHLAK801060105-04-01,Alert
Umbagog.Errol,Umbagog Lake,Errol,,Photo,NA,6/13/2023,6/20/2023,7,NHLAK400010602-04,Alert
Wentworth.Wolfeboro,"Wentworth, Lake",Wolfeboro,,Photo,NA,6/13/2023,6/14/2023,1,NHLAK700020101-05-01,Alert
Eastman.Grantham,Eastman Pond,Grantham,,NA,NA,6/13/2023,6/20/2023,7,NHLAK801060401-06,Alert
Wentworth.Wolfeboro,"Wentworth, Lake",Wolfeboro,,Dolichospermum,"86,300",6/14/2023,6/21/2023,7,NHLAK700020101-05-01,Warning
Winnisquam.Laconia,"Winnisquam, Lake",Laconia,,NA,NA,6/14/2023,6/21/2023,7,NHLAK700020201-05-01,Alert
Clough.Loudon,Clough Pond,Loudon,,Dolichospermum,"1,040,000",6/14/2023,6/20/2023,6,NHLAK700060202-03-01,Warning
Crescent.Wolfeboro,Crescent Lake,Wolfeboro,,"Dolichospermum, Woronichinia ","219,333",6/15/2023,6/21/2023,6,NHLAK700020101-04,Warning
Lees.Moultonboro,Lees Pond,Moultonborough,,Dolichospermum,"164,000",6/19/2023,6/27/2023,8,NHLAK700020103-05,Warning
Gregg.Antrim,Gregg Lake,Antrim,,Dolichospermum,"134,600",6/20/2023,6/26/2023,6,NHLAK700030108-02-01,Warning
Sunrise.Middleton,Sunrise Lake,Middleton,,NA,NA,6/22/2023,6/29/2023,7,NHLAK600030601-05-01,Alert
Winni.CenterHarbor,"Winnipesaukee, Lake","Center Harbor, Meredith, Moultonborough",,Dolichospermum (Blackey Cove),"158,000",6/23/2023,6/28/2023,5,NHLAK700020110-02-19-6,Warning
Pleasant.NewLondon,Pleasant Lake,New London,,Photo,NA,6/23/2023,6/30/2023,7,NHLAK700030402-02-01,Alert
Northwood.Northwood,Northwood Lake,Northwood,,NA,NA,6/23/2023,6/26/2023,3,NHLAK700060502-08-01,Alert
Country.Kingston,Country Pond,"Kingston, Newton",,"Dolichospermum, Microcystis","620,400",6/23/2023,6/30/2023,7,NHLAK700061403-03-01,Warning
Northwood.Northwood,Northwood Lake,Northwood,,Dolichospermum,"325,600",6/26/2023,7/3/2023,7,NHLAK700060502-08-01,Warning
Northeast.Milton,Northeast Pond,Milton,,NA,NA,6/27/2023,6/30/2023,3,NHLAK600030404-02,Alert
Sunrise.Middleton,Sunrise Lake,Middleton,,Dolichospermum,too numerous to count (TNTC),6/27/2023,7/11/2023,14,NHLAK600030601-05-01,Warning
Keyser.Henniker,Keyser Pond,Henniker,,NA,NA,6/27/2023,7/5/2023,8,NHLAK700030504-03,Alert
Greenwood.Kingston,Greenwood Pond ,Kingston,,Photo,NA,6/29/2023,6/30/2023,1,NHLAK700061403-07,Alert
Duncan.Ossipee,Duncan Lake,Ossipee,,Photo,NA,6/30/2023,7/13/2023,13,NHLAK600020703-01-01,Alert
Northeast.Milton,Northeast Pond,Milton,,Dolichospermum,"79,800",6/30/2023,7/6/2023,6,NHLAK600030404-02,Warning
Harvey.Northwood,Harvey Lake,Northwood,,Photo,NA,6/30/2023,7/7/2023,7,NHLAK700060502-05,Alert
Greenwood.Kingston,Greenwood Pond,Kingston,,"Planktothrix, Woronichinia","3,170,000",6/30/2023,7/14/2023,14,NHLAK700061403-07,Warning
Harvey.Northwood,Harvey Lake,Northwood,,Dolichospermum,"192,400",7/3/2023,7/11/2023,8,NHLAK700060502-05,Warning
Tucker.Salisbury,Tucker Pond,Salisbury,,"Woronichinia, Microcystis","655,000",7/5/2023,7/27/2023,22,NHLAK700030304-07,Warning
Keyser.Henniker,Keyser Pond,Henniker,,Chrsysosporum,"75,600",7/5/2023,7/18/2023,13,NHLAK700030504-03,Warning
Silver.Hollis,Silver Lake,Hollis,,Dolichospermum,"70,000",7/5/2023,7/12/2023,7,NHLAK700061001-02-01,Warning
Robinson.Hudson,Robinson Pond,Hudson,,"Dolichospermum,Woronichinia, Microcystis","1,372,000",7/5/2023,7/12/2023,7,NHLAK700061203-06-01,Warning
Province.Effingham,Province Lake,Effingham/Wakefield,,Dolichospermum,"326,000",7/6/2023,8/31/2023,56,NHLAK600020902-01,Warning
Deering.Deering,Deering Reservoir,Deering,,Benthic,NA,7/6/2023,8/9/2023,34,NHLAK700060601-01,Alert
Sebbins.Bedford,Sebbins Pond,Bedford,,NA,NA,7/6/2023,7/13/2023,7,NHLAK700060804-02,Alert
Cobbetts.Windham,Cobbetts Pond,Windham,,Benthic,NA,7/7/2023,7/24/2023,17,NHLAK700061204-01-01,Alert
Silver.Hollis,Silver Lake,Hollis,,NA,NA,7/12/2023,7/19/2023,7,NHLAK700061001-02-01,Alert
Mascoma.Enfield,Mascoma Lake,Enfield/Lebanon,,Dolichospermum,"100,800",7/14/2023,7/21/2023,7,NHLAK801060105-04-01,Warning
Swains.Barrington,Swains Lake,Barrington,,Benthic,NA,7/21/2023,7/28/2023,7,NHLAK600030903-03,Alert
Pool.Rindge,Pool Pond,Rindge,,Photo,NA,7/21/2023,7/28/2023,7,NHLAK700030101-12,Alert
Crystal.Enfield,Crystal Lake,Enfield,,Photo,NA,7/21/2023,7/28/2023,7,NHLAK801060104-01,Alert
Silver.Harrisville,Silver Lake,Harrisville/Nelson,,Photo,NA,7/24/2023,7/31/2023,7,NHLAK802010202-09,Alert
Hunkins.Sanbornton,Hunkins Pond,Sanbornton,,"Aphanizomenon, Dolichospermum","266,200",7/25/2023,8/14/2023,20,NHLAK700020201-02,Warning
Mirror.Whitefield,Mirror Lake,Whitefield,,Planktothrix,too numerous to count (TNTC),7/26/2023,8/1/2023,6,NHLAK801030102-03,Warning
Winona.NewHampton,"Winona, Lake",New Hampton,,Dolichospermum,"950,000",7/27/2023,8/3/2023,7,NHLAK700020108-02-02,Warning
Baboosic.Amherst,Baboosic Lake,Amherst,,Photo,NA,7/28/2023,8/7/2023,10,NHLAK700060905-01-01,Alert
Arlington.Salem,Arlington Mill Reservoir,Salem,,"Microcystis, Woronichinia, Dolichospermum","407,800",7/28/2023,11/8/2023,103,NHLAK700061101-04,Warning
Winni.Alton,"Winnipesaukee, Lake",Alton,,NA,NA,7/31/2023,8/7/2023,7,NHLAK700020110-02-19-2,Alert
Tucker.Salisbury,Tucker Pond,Salisbury,,"Woronichinia, Dolichospermum, Microcystis","349,200",7/31/2023,11/2/2023,94,NHLAK700030304-07,Warning
LittleSunapee.NewLondon,Little Sunapee Lake,New London,,NA,NA,7/31/2023,8/7/2023,7,NHLAK801060402-04-01,Alert
Showell.Sandown,Showell Pond,Sandown,,"Aphanizomenon, Chrysosporum, Woronichinia, Phormidium, Dolichospermum","137,420",8/1/2023,11/21/2023,112,NHLAK600030802-04,Warning
Northwood.Northwood,Northwood Lake,Northwood,,Dolichospermum,"649,200",8/2/2023,8/9/2023,7,NHLAK700060502-08-01,Warning
Mascoma.Enfield,Mascoma Lake,Enfield/Lebanon,,Photo,NA,8/3/2023,8/10/2023,7,NHLAK801060105-04-01,Alert
Captains.Salem,Captains Pond,Salem,,"Planktothrix, Aphanizomenon",too numerous to count (TNTC),8/4/2023,8/18/2023,14,NHLAK700061102-03-01,Warning
Mascoma.Enfield,Mascoma Lake,Enfield/Lebanon,,"Woronichinia, Dolichospermum, Microcystis","641,600",8/4/2023,8/11/2023,7,NHLAK801060105-04-01,Warning
Kanasatka.Moultonboro,"Kanasatka, Lake",Moultonborough,,Dolichospermum,"95,400",8/7/2023,8/31/2023,24,NHLAK700020105-02,Warning
Baboosic.Amherst,Baboosic Lake,Amherst,,NA,NA,8/7/2023,8/11/2023,4,NHLAK700060905-01-01,Alert
Crystal.Enfield,Crystal Lake,Enfield,,"Dolichospermum, Aphanizomenon","291,500",8/9/2023,8/16/2023,7,NHLAK801060104-01,Warning
Pearly.Rindge,Pearly Lake,Rindge,,Benthic,NA,8/9/2023,10/13/2023,65,NHLAK802020103-08,Alert
Duncan.Ossipee,Duncan Lake,Ossipee,,NA,NA,8/10/2023,8/17/2023,7,NHLAK600020703-01-01,Alert
Baboosic.Amherst,Baboosic Lake,Amherst,,"Planktothrix, Dolichospermum","1,645,000",8/11/2023,8/25/2023,14,NHLAK700060905-01-01,Warning
Jackman.Hillsboro,Jackman Reservoir/Franklin Pierce Lake,Hillsborough,,NA,NA,8/14/2023,8/21/2023,7,NHLAK700030202-03-01,Alert
Wentworth.Wolfeboro,"Wentworth, Lake",Wolfeboro,,Gloeotrichia,NA,8/15/2023,8/22/2023,7,NHLAK700020101-05-01,Alert
Winni.CenterHarbor,"Winnipesaukee, Lake","Center Harbor, Meredith, Moultonborough",,Dolichospermum (Blackey Cove),"5,900,000",8/16/2023,8/22/2023,6,NHLAK700020110-02-19-6,Warning
Spofford.Chesterfield,Spofford Lake,Chesterfield,,Benthic,NA,8/16/2023,9/7/2023,22,NHLAK801070503-01-01,Alert
Sunrise.Middleton,Sunrise Lake,Middleton,,Dolichospermum,"243,000",8/17/2023,8/29/2023,12,NHLAK600030601-05-01,Warning
Marsh.Alton,Marsh Pond,"New Durham, Alton",,Planktothrix,"100,000",8/18/2023,8/31/2023,13,NHIMP700020102-01-02,Warning
Winni.Wolfeboro,"Winnipesaukee, Lake","Wolfeboro, Tuftonborough, Alton",,Photo - Gloeotrichia (Jockey Cove),NA,8/18/2023,8/25/2023,7,NHLAK700020110-02-19-3,Alert
Long.Pelham,Long Pond,Pelham,,"Dolichospermum, Chrysosporum, Wornichinia, Microcystis","2,900,000",8/21/2023,10/25/2023,65,NHLAK700061205-02-01,Warning
PineIsland.Manchester,Pine Island Pond,Manchester,,"Oscillatoria, Microcystis, Woronichinia",too numerous to count (TNTC),8/22/2023,8/29/2023,7,NHLAK700060703-04,Warning
LittleIsland.Pelham,Little Island Pond,Pelham,,"Microcystis, Dolichospermum, Woronichinia","2,000,000",8/22/2023,9/13/2023,22,NHLAK700061204-02,Warning
Jericho.Berlin,Jericho Lake,Berlin,,Dolichospermum,"2,500,000",8/23/2023,9/19/2023,27,NHLAK400010606-01,Warning
Todd.Newbury,"Todd, Lake",Newbury,,Photo,NA,8/23/2023,8/30/2023,7,NHLAK700030301-02,Alert
Melendy.Brookline,Melendy Pond,Brookline,,Benthic,NA,8/23/2023,9/22/2023,30,NHLAK700040401-01-01,Alert
Duncan.Ossipee,Duncan Lake,Ossipee,,"Oscillatoria, Microcystis",too numerous to count (TNTC),8/24/2023,10/19/2023,56,NHLAK600020703-01-01,Warning
Belleau.Wakefield,Belleau Lake,Wakefield,,"Dolichospermum, Microcystis","287,000",8/24/2023,8/31/2023,7,NHLAK600021001-03,Warning
Wentworth.Wolfeboro,"Wentworth, Lake",Wolfeboro,,Gloeotrichia,NA,8/24/2023,9/8/2023,15,NHLAK700020101-05-01,Alert
Winni.Alton,"Winnipesaukee, Lake",Alton,,Gloeotrichia,NA,8/24/2023,9/14/2023,21,NHLAK700020110-02-19-2,Alert
GreatEast.Wakefield,Great East Lake,Wakefield,,Photo,NA,8/25/2023,9/1/2023,7,NHLAK600030403-01,Alert
Sondogardy.Northfield,Sondogardy Pond,Northfield,,NA,NA,8/25/2023,8/29/2023,4,NHLAK700060101-02-01,Alert
Northwood.Northwood,Northwood Lake,Northwood,,Photo,NA,8/25/2023,9/1/2023,7,NHLAK700060502-08-01,Alert
Horace.Weare,Horace Lake,Weare,,Photo,NA,8/25/2023,9/1/2023,7,NHLAK700060601-05-01,Alert
Francis.Pittsburg,"Francis, Lake",Pittsburg,,Photo,NA,8/25/2023,9/1/2023,7,NHLAK801010104-02,Alert
Monomonac.Rindge,"Monomonac, Lake",Rindge,,NA,NA,8/25/2023,9/1/2023,7,NHLAK802020103-06,Alert
Whittemore.Bennington,Whittemore Lake,Bennington,,Dolichospermum,"112,200",8/28/2023,11/30/2023,94,NHLAK700030108-01-01,Warning
Sondogardy.Northfield,Sondogardy Pond,Northfield,,"Planktothrix, Oscillatoria, Schizothrix","960,000",8/29/2023,9/20/2023,22,NHLAK700060101-02-01,Warning
Contoocook.Jaffrey,Contoocook Lake,Jaffrey,,Photo,NA,8/30/2023,9/14/2023,15,NHLAK700030101-03-01,Alert
Bow.Strafford,Bow Lake,Strafford,,Dolichospermum,"84,200",9/5/2023,9/14/2023,9,NHLAK600030604-01-01,Warning
Baboosic.Amherst,Baboosic Lake,Amherst,,"Dolichospermum, Woronichinia, Microcystis","475,000",9/5/2023,11/8/2023,64,NHLAK700060905-01-01,Warning
FirstConn.Pittsburg,First Connecticut Lake,Pittsburg,,Photo,NA,9/6/2023,9/13/2023,7,NHLAK801010102-02,Alert
Francis.Pittsburg,"Francis, Lake",Pittsburg,,Photo,NA,9/6/2023,9/13/2023,7,NHLAK801010104-02,Alert
Crystal.Enfield,Crystal Lake,Enfield,,"Dolichospermum, Microcystis","2,950,000",9/6/2023,9/13/2023,7,NHLAK801060104-01,Warning
Seaver.Harrisville,Seaver Reservoir,Harrisville,,Photo,NA,9/6/2023,9/13/2023,7,NHLAK802010202-08,Alert
PineRiver.Wakefield,Pine River Pond,Wakefield,,"Dolichospermum, Woronichinia ","280,000",9/7/2023,9/14/2023,7,NHLAK600020703-03,Warning
Silver.Madison,Silver Lake,Madison,,NA,NA,9/7/2023,9/14/2023,7,NHLAK600020801-06-01,Alert
Province.Effingham,Province Lake,Effingham/Wakefield,,Dolichospermum,"833,335",9/7/2023,9/14/2023,7,NHLAK600020902-01,Warning
Crystal.Manchester,Crystal Lake,Manchester,," Microcystis, Woronichinia",too numerous to count (TNTC),9/7/2023,9/15/2023,8,NHLAK700060703-02-01,Warning
Lovell.Wakefield,Lovell Lake,Wakefield,,Photo,NA,9/8/2023,9/15/2023,7,NHLAK600030401-01-01,Alert
Webster.Franklin,Webster Lake,Franklin,,NA,NA,9/8/2023,9/15/2023,7,NHLAK700010804-02-01,Alert
Cobbetts.Windham,Cobbetts Pond,Windham,,Benthic,NA,9/8/2023,9/22/2023,14,NHLAK700061204-01-01,Alert
Country.Kingston,Country Pond,"Kingston, Newton",,Photo,NA,9/8/2023,9/15/2023,7,NHLAK700061403-03-01,Alert
Kanasatka.Moultonboro,"Kanasatka, Lake",Moultonborough,,"Dolichospermum, Woronichinia, Microcystis","608,460",9/22/2023,12/14/2023,83,NHLAK700020105-02,Warning
LittleIsland.Pelham,Little Island Pond,Pelham,,"Microcystis, Dolichospermum","574,400",9/22/2023,11/8/2023,47,NHLAK700061204-02,Warning
Mascoma.Enfield,Mascoma Lake,Enfield/Lebanon,,Photo,NA,9/22/2023,10/2/2023,10,NHLAK801060105-04-01,Alert
Province.Effingham,Province Lake,Effingham/Wakefield,,Photo,NA,9/29/2023,10/4/2023,5,NHLAK600020902-01,Alert
Lovell.Wakefield,Lovell Lake,Wakefield,,Photo,NA,9/29/2023,10/4/2023,5,NHLAK600030401-01-01,Alert
Northwood.Northwood,Northwood Lake,Northwood,,"Microcystis, Dolichospermum","235,000",9/29/2023,10/13/2023,14,NHLAK700060502-08-01,Warning
Crystal.Enfield,Crystal Lake,Enfield,,Photo,NA,9/29/2023,10/3/2023,4,NHLAK801060104-01,Alert
Crystal.Enfield,Crystal Lake,Enfield,,"Dolichospermum, Microcystis, Woronichinia","596,800",10/3/2023,10/9/2023,6,NHLAK801060104-01,Warning
White.Tamworth,White Lake,Tamworth,,Photo,NA,10/4/2023,10/11/2023,7,NHLAK600020605-02-01,Alert
PineRiver.Wakefield,Pine River Pond,Wakefield,,Photo,NA,10/4/2023,10/11/2023,7,NHLAK600020703-03,Alert
Province.Effingham,Province Lake,Effingham/Wakefield,,Dolichospermum,"492,400",10/4/2023,10/19/2023,15,NHLAK600020902-01,Warning
Lovell.Wakefield,Lovell Lake,Wakefield,,"Dolichospermum, Microcystis","115,400",10/4/2023,10/11/2023,7,NHLAK600030401-01-01,Warning
Horace.Weare,Horace Lake,Weare,,"Dolichospermum, Woronichinia ","75,400",10/4/2023,10/10/2023,6,NHLAK700060601-05-01,Warning
Crystal.Manchester,Crystal Lake,Manchester,,"Microcystis, Dolichospermum, Woronichinia","52,000",10/4/2023,10/12/2023,8,NHLAK700060703-02-01,Warning
Sunrise.Middleton,Sunrise Lake,Middleton,,NA,NA,10/5/2023,10/12/2023,7,NHLAK600030601-05-01,Alert
Jackman.Hillsboro,Jackman Reservoir/Franklin Pierce Lake,Hillsborough,,Dolichospermum,"642,000",10/5/2023,10/10/2023,5,NHLAK700030202-03-01,Warning
Bow.Strafford,Bow Lake,Strafford,,Photo,NA,10/26/2023,11/2/2023,7,NHLAK600030604-01-01,Alert
Warren.Alstead,"Warren, Lake",Alstead,,Photo,NA,10/26/2023,11/2/2023,7,NHLAK801070203-01,Alert
Winni.CenterHarbor,"Winnipesaukee, Lake","Center Harbor, Meredith, Moultonborough",,Photo (Blackey Cove),NA,10/30/2023,12/14/2023,45,NHLAK700020110-02-19-6,Alert
Bow.Strafford,Bow Lake,Strafford,,Photo,NA,11/15/2023,11/22/2023,7,NHLAK600030604-01-01,Alert
Kanasatka.Moultonboro,"Kanasatka, Lake",Moultonborough,,Photo,NA,12/26/2023,1/2/2024,7,NHLAK700020105-02,Alert
